fecha,id_sku,nombre_producto,categoria,cantidad_vendida_total,precio_unitario_promedio,temperatura_promedio,inversion_ads_total,stock_cierre_diario,etl_fecha_carga
2024-11-30,SKU_1L,Botella_1L,Personal,262,2.0,20.0,309.44,343,2026-04-26 03:16:07.341521
2024-07-30,SKU_1L,Botella_1L,Personal,115,2.0,20.0,61.18,584,2026-04-26 03:16:07.341521
2024-08-09,SKU_20L,Bidon_20L,Familiar,89,7.5,20.0,41.24,522,2026-04-26 03:16:07.341521
2024-04-24,SKU_1L,Botella_1L,Personal,190,2.0,20.0,166.47,444,2026-04-26 03:16:07.341521
2024-11-01,SKU_20L,Bidon_20L,Familiar,247,7.5,20.0,0.0,498,2026-04-26 03:16:07.341521
2024-06-15,SKU_1L,Botella_1L,Personal,237,2.0,20.0,0.0,430,2026-04-26 03:16:07.341521
2024-10-21,SKU_20L,Bidon_20L,Familiar,492,7.5,20.0,539.46,0,2026-04-26 03:16:07.341521
2024-04-26,SKU_1L,Botella_1L,Personal,212,2.0,20.0,0.0,397,2026-04-26 03:16:07.341521
2024-09-21,SKU_1L,Botella_1L,Personal,153,2.0,20.0,90.68,373,2026-04-26 03:16:07.341521
2024-08-27,SKU_1L,Botella_1L,Personal,176,2.0,20.0,107.56,592,2026-04-26 03:16:07.341521
2024-11-07,SKU_20L,Bidon_20L,Familiar,130,7.5,20.0,102.74,334,2026-04-26 03:16:07.341521
2024-03-09,SKU_500ML,Botella_500ml,Personal,65,1.2,20.0,48.31,210,2026-04-26 03:16:07.341521
2024-03-11,SKU_500ML,Botella_500ml,Personal,213,1.2,20.0,216.27,232,2026-04-26 03:16:07.341521
2024-10-03,SKU_20L,Bidon_20L,Familiar,170,7.5,20.0,110.18,298,2026-04-26 03:16:07.341521
2024-08-05,SKU_500ML,Botella_500ml,Personal,176,1.2,20.0,157.93,377,2026-04-26 03:16:07.341521
2024-12-10,SKU_500ML,Botella_500ml,Personal,168,1.2,20.0,210.82,185,2026-04-26 03:16:07.341521
2024-02-20,SKU_20L,Bidon_20L,Familiar,175,7.5,20.0,145.56,210,2026-04-26 03:16:07.341521
2024-03-29,SKU_500ML,Botella_500ml,Personal,500,1.2,20.0,0.0,0,2026-04-26 03:16:07.341521
2024-06-04,SKU_1L,Botella_1L,Personal,163,2.0,20.0,186.36,407,2026-04-26 03:16:07.341521
2024-10-16,SKU_20L,Bidon_20L,Familiar,154,7.5,20.0,140.86,405,2026-04-26 03:16:07.341521
2024-04-01,SKU_500ML,Botella_500ml,Personal,70,1.2,20.0,23.18,411,2026-04-26 03:16:07.341521
2024-04-10,SKU_500ML,Botella_500ml,Personal,126,1.2,20.0,124.96,185,2026-04-26 03:16:07.341521
2024-03-11,SKU_1L,Botella_1L,Personal,433,1.0,20.0,432.54,201,2026-04-26 03:16:07.341521
2024-02-09,SKU_20L,Bidon_20L,Familiar,133,7.5,20.0,109.61,329,2026-04-26 03:16:07.341521
2024-01-27,SKU_20L,Bidon_20L,Familiar,125,7.5,20.0,135.53,393,2026-04-26 03:16:07.341521
2024-05-05,SKU_500ML,Botella_500ml,Personal,166,1.2,20.0,147.58,559,2026-04-26 03:16:07.341521
2024-01-01,SKU_1L,Botella_1L,Personal,279,2.0,20.0,0.0,443,2026-04-26 03:16:07.341521
2024-07-14,SKU_1L,Botella_1L,Personal,184,2.0,20.0,217.14,564,2026-04-26 03:16:07.341521
2024-02-22,SKU_1L,Botella_1L,Personal,355,2.0,20.0,224.06,255,2026-04-26 03:16:07.341521
2024-08-20,SKU_1L,Botella_1L,Personal,100,2.0,20.0,68.25,485,2026-04-26 03:16:07.341521
2024-01-01,SKU_500ML,Botella_500ml,Personal,135,1.2,20.0,0.0,215,2026-04-26 03:16:07.341521
2024-07-18,SKU_1L,Botella_1L,Personal,286,2.0,20.0,236.32,445,2026-04-26 03:16:07.341521
2024-12-30,SKU_1L,Botella_1L,Personal,383,2.0,20.0,197.46,398,2026-04-26 03:16:07.341521
2024-02-16,SKU_500ML,Botella_500ml,Personal,447,0.6,20.0,572.04,0,2026-04-26 03:16:07.341521
2024-06-29,SKU_1L,Botella_1L,Personal,219,2.0,20.0,240.58,226,2026-04-26 03:16:07.341521
2024-01-19,SKU_1L,Botella_1L,Personal,450,2.0,20.0,531.38,0,2026-04-26 03:16:07.341521
2024-08-05,SKU_20L,Bidon_20L,Familiar,181,7.5,20.0,157.93,591,2026-04-26 03:16:07.341521
2024-08-07,SKU_500ML,Botella_500ml,Personal,200,1.2,20.0,197.35,416,2026-04-26 03:16:07.341521
2024-08-31,SKU_20L,Bidon_20L,Familiar,288,7.5,20.0,321.92,455,2026-04-26 03:16:07.341521
2024-04-07,SKU_20L,Bidon_20L,Familiar,395,7.5,20.0,457.78,357,2026-04-26 03:16:07.341521
2024-09-04,SKU_500ML,Botella_500ml,Personal,648,1.2,20.0,587.43,0,2026-04-26 03:16:07.341521
2024-01-30,SKU_20L,Bidon_20L,Familiar,93,7.5,20.0,115.42,535,2026-04-26 03:16:07.341521
2024-06-13,SKU_1L,Botella_1L,Personal,580,2.0,20.0,786.36,0,2026-04-26 03:16:07.341521
2024-03-04,SKU_1L,Botella_1L,Personal,256,2.0,20.0,236.52,434,2026-04-26 03:16:07.341521
2024-04-21,SKU_500ML,Botella_500ml,Personal,79,1.2,20.0,40.66,209,2026-04-26 03:16:07.341521
2024-07-26,SKU_20L,Bidon_20L,Familiar,167,0.0,20.0,131.03,594,2026-04-26 03:16:07.341521
2024-06-14,SKU_20L,Bidon_20L,Familiar,665,7.5,20.0,742.83,0,2026-04-26 03:16:07.341521
2024-10-23,SKU_20L,Bidon_20L,Familiar,534,7.5,20.0,592.44,0,2026-04-26 03:16:07.341521
2024-05-03,SKU_500ML,Botella_500ml,Personal,600,1.2,20.0,0.0,0,2026-04-26 03:16:07.341521
2024-04-23,SKU_20L,Bidon_20L,Familiar,508,7.5,20.0,582.8,0,2026-04-26 03:16:07.341521
2024-05-28,SKU_20L,Bidon_20L,Familiar,214,7.5,20.0,262.5,290,2026-04-26 03:16:07.341521
2024-10-01,SKU_500ML,Botella_500ml,Personal,128,1.2,20.0,125.64,564,2026-04-26 03:16:07.341521
2024-02-15,SKU_20L,Bidon_20L,Familiar,138,7.5,20.0,109.41,456,2026-04-26 03:16:07.341521
2024-08-28,SKU_1L,Botella_1L,Personal,165,2.0,20.0,149.02,595,2026-04-26 03:16:07.341521
2024-10-05,SKU_500ML,Botella_500ml,Personal,151,1.2,20.0,111.7,383,2026-04-26 03:16:07.341521
2024-05-01,SKU_20L,Bidon_20L,Familiar,226,7.5,20.0,65.44,282,2026-04-26 03:16:07.341521
2024-09-01,SKU_1L,Botella_1L,Personal,317,2.0,20.0,426.62,473,2026-04-26 03:16:07.341521
2024-04-13,SKU_500ML,Botella_500ml,Personal,98,1.2,20.0,82.61,328,2026-04-26 03:16:07.341521
2024-06-08,SKU_500ML,Botella_500ml,Personal,493,1.2,20.0,509.46,0,2026-04-26 03:16:07.341521
2024-02-13,SKU_500ML,Botella_500ml,Personal,259,1.2,20.0,273.51,218,2026-04-26 03:16:07.341521
2024-11-06,SKU_20L,Bidon_20L,Familiar,726,5.0,20.0,885.21,0,2026-04-26 03:16:07.341521
2024-11-18,SKU_500ML,Botella_500ml,Personal,128,1.2,20.0,98.39,229,2026-04-26 03:16:07.341521
2024-08-08,SKU_1L,Botella_1L,Personal,117,2.0,20.0,0.0,244,2026-04-26 03:16:07.341521
2024-07-29,SKU_1L,Botella_1L,Personal,481,2.0,20.0,571.74,0,2026-04-26 03:16:07.341521
2024-07-10,SKU_1L,Botella_1L,Personal,122,0.0,20.0,57.52,579,2026-04-26 03:16:07.341521
2024-05-20,SKU_500ML,Botella_500ml,Personal,267,1.2,20.0,131.06,277,2026-04-26 03:16:07.341521
2024-07-04,SKU_1L,Botella_1L,Personal,510,2.0,20.0,496.95,0,2026-04-26 03:16:07.341521
2024-02-26,SKU_500ML,Botella_500ml,Personal,364,1.2,20.0,482.18,449,2026-04-26 03:16:07.341521
2024-10-20,SKU_500ML,Botella_500ml,Personal,171,1.2,20.0,200.86,224,2026-04-26 03:16:07.341521
2024-07-02,SKU_20L,Bidon_20L,Familiar,186,7.5,20.0,165.69,414,2026-04-26 03:16:07.341521
2024-07-15,SKU_20L,Bidon_20L,Familiar,508,7.5,20.0,318.52,0,2026-04-26 03:16:07.341521
2024-07-22,SKU_1L,Botella_1L,Personal,252,2.0,20.0,273.16,399,2026-04-26 03:16:07.341521
2024-08-24,SKU_1L,Botella_1L,Personal,129,2.0,20.0,98.01,579,2026-04-26 03:16:07.341521
2024-09-15,SKU_1L,Botella_1L,Personal,297,2.0,20.0,0.0,536,2026-04-26 03:16:07.341521
2024-03-25,SKU_500ML,Botella_500ml,Personal,84,1.2,20.0,43.38,514,2026-04-26 03:16:07.341521
2024-02-23,SKU_1L,Botella_1L,Personal,218,2.0,20.0,208.31,311,2026-04-26 03:16:07.341521
2024-10-12,SKU_500ML,Botella_500ml,Personal,80,1.2,20.0,44.34,522,2026-04-26 03:16:07.341521
2024-07-31,SKU_1L,Botella_1L,Personal,260,0.0,20.0,279.44,190,2026-04-26 03:16:07.341521
2024-11-18,SKU_1L,Botella_1L,Personal,143,2.0,20.0,98.39,340,2026-04-26 03:16:07.341521
2024-03-28,SKU_20L,Bidon_20L,Familiar,152,7.5,20.0,138.78,585,2026-04-26 03:16:07.341521
2024-04-19,SKU_500ML,Botella_500ml,Personal,140,1.2,20.0,167.76,187,2026-04-26 03:16:07.341521
2024-10-04,SKU_500ML,Botella_500ml,Personal,116,1.2,20.0,79.21,206,2026-04-26 03:16:07.341521
2024-08-23,SKU_1L,Botella_1L,Personal,126,2.0,20.0,67.3,214,2026-04-26 03:16:07.341521
2024-12-28,SKU_20L,Bidon_20L,Familiar,193,7.5,20.0,242.67,241,2026-04-26 03:16:07.341521
2024-12-18,SKU_1L,Botella_1L,Personal,242,2.0,20.0,290.21,272,2026-04-26 03:16:07.341521
2024-12-15,SKU_1L,Botella_1L,Personal,135,2.0,20.0,117.68,525,2026-04-26 03:16:07.341521
2024-03-11,SKU_20L,Bidon_20L,Familiar,218,7.5,20.0,216.27,259,2026-04-26 03:16:07.341521
2024-03-27,SKU_20L,Bidon_20L,Familiar,160,7.5,20.0,176.35,374,2026-04-26 03:16:07.341521
2024-05-31,SKU_1L,Botella_1L,Personal,396,2.0,20.0,376.23,534,2026-04-26 03:16:07.341521
2024-12-20,SKU_500ML,Botella_500ml,Personal,183,0.0,20.0,224.64,487,2026-04-26 03:16:07.341521
2024-12-12,SKU_20L,Bidon_20L,Familiar,173,7.5,20.0,186.78,427,2026-04-26 03:16:07.341521
2024-08-23,SKU_500ML,Botella_500ml,Personal,117,1.2,20.0,67.3,470,2026-04-26 03:16:07.341521
2024-09-17,SKU_500ML,Botella_500ml,Personal,283,1.2,20.0,246.6,370,2026-04-26 03:16:07.341521
2024-07-15,SKU_500ML,Botella_500ml,Personal,260,1.2,20.0,159.26,326,2026-04-26 03:16:07.341521
2024-11-09,SKU_1L,Botella_1L,Personal,794,2.0,20.0,874.35,0,2026-04-26 03:16:07.341521
2024-01-04,SKU_500ML,Botella_500ml,Personal,116,1.2,20.0,74.82,170,2026-04-26 03:16:07.341521
2024-02-08,SKU_20L,Bidon_20L,Familiar,224,7.5,20.0,251.41,554,2026-04-26 03:16:07.341521
2024-05-31,SKU_20L,Bidon_20L,Familiar,122,7.5,20.0,125.41,445,2026-04-26 03:16:07.341521
2024-09-29,SKU_500ML,Botella_500ml,Personal,264,0.6,20.0,175.78,289,2026-04-26 03:16:07.341521
2024-07-24,SKU_1L,Botella_1L,Personal,129,2.0,20.0,163.92,464,2026-04-26 03:16:07.341521
2024-10-14,SKU_1L,Botella_1L,Personal,366,2.0,20.0,368.64,261,2026-04-26 03:16:07.341521
2024-03-25,SKU_1L,Botella_1L,Personal,73,2.0,20.0,43.38,455,2026-04-26 03:16:07.341521
2024-04-29,SKU_500ML,Botella_500ml,Personal,166,1.2,20.0,183.61,385,2026-04-26 03:16:07.341521
2024-08-01,SKU_500ML,Botella_500ml,Personal,143,1.2,20.0,157.79,325,2026-04-26 03:16:07.341521
2024-12-25,SKU_500ML,Botella_500ml,Personal,173,1.2,20.0,180.85,359,2026-04-26 03:16:07.341521
2024-01-25,SKU_1L,Botella_1L,Personal,628,2.0,20.0,737.73,0,2026-04-26 03:16:07.341521
2024-05-29,SKU_20L,Bidon_20L,Familiar,61,7.5,20.0,32.66,541,2026-04-26 03:16:07.341521
2024-08-11,SKU_500ML,Botella_500ml,Personal,176,1.2,20.0,0.0,530,2026-04-26 03:16:07.341521
2024-07-12,SKU_1L,Botella_1L,Personal,454,2.0,20.0,462.88,0,2026-04-26 03:16:07.341521
2024-07-20,SKU_1L,Botella_1L,Personal,355,2.0,20.0,389.49,549,2026-04-26 03:16:07.341521
2024-09-19,SKU_1L,Botella_1L,Personal,730,2.0,20.0,0.0,0,2026-04-26 03:16:07.341521
2024-02-06,SKU_500ML,Botella_500ml,Personal,212,1.2,20.0,272.71,172,2026-04-26 03:16:07.341521
2024-09-30,SKU_20L,Bidon_20L,Familiar,132,7.5,20.0,95.39,422,2026-04-26 03:16:07.341521
2024-11-14,SKU_1L,Botella_1L,Personal,353,2.0,20.0,414.44,352,2026-04-26 03:16:07.341521
2024-10-12,SKU_20L,Bidon_20L,Familiar,71,7.5,20.0,44.34,269,2026-04-26 03:16:07.341521
2024-05-08,SKU_20L,Bidon_20L,Familiar,74,7.5,20.0,72.67,277,2026-04-26 03:16:07.341521
2024-10-30,SKU_20L,Bidon_20L,Familiar,351,7.5,20.0,216.72,198,2026-04-26 03:16:07.341521
2024-10-01,SKU_20L,Bidon_20L,Familiar,139,7.5,20.0,125.64,361,2026-04-26 03:16:07.341521
2024-08-26,SKU_500ML,Botella_500ml,Personal,104,1.2,20.0,44.84,489,2026-04-26 03:16:07.341521
2024-06-26,SKU_20L,Bidon_20L,Familiar,125,7.5,20.0,84.02,434,2026-04-26 03:16:07.341521
2024-12-15,SKU_20L,Bidon_20L,Familiar,147,7.5,20.0,117.68,244,2026-04-26 03:16:07.341521
2024-02-16,SKU_20L,Bidon_20L,Familiar,426,7.5,20.0,572.04,598,2026-04-26 03:16:07.341521
2024-08-13,SKU_500ML,Botella_500ml,Personal,173,1.2,20.0,117.74,353,2026-04-26 03:16:07.341521
2024-09-10,SKU_1L,Botella_1L,Personal,417,2.0,20.0,491.48,155,2026-04-26 03:16:07.341521
2024-08-21,SKU_1L,Botella_1L,Personal,96,2.0,20.0,73.84,267,2026-04-26 03:16:07.341521
2024-11-17,SKU_500ML,Botella_500ml,Personal,363,1.2,20.0,360.1,393,2026-04-26 03:16:07.341521
2024-03-06,SKU_20L,Bidon_20L,Familiar,329,7.5,20.0,180.12,511,2026-04-26 03:16:07.341521
2024-10-12,SKU_1L,Botella_1L,Personal,74,2.0,20.0,44.34,154,2026-04-26 03:16:07.341521
2024-12-22,SKU_20L,Bidon_20L,Familiar,105,7.5,20.0,70.75,404,2026-04-26 03:16:07.341521
2024-05-05,SKU_1L,Botella_1L,Personal,150,2.0,20.0,147.58,311,2026-04-26 03:16:07.341521
2024-06-14,SKU_1L,Botella_1L,Personal,233,2.0,20.0,247.61,282,2026-04-26 03:16:07.341521
2024-08-06,SKU_20L,Bidon_20L,Familiar,286,7.5,20.0,0.0,450,2026-04-26 03:16:07.341521
2024-11-09,SKU_500ML,Botella_500ml,Personal,274,1.2,20.0,291.45,261,2026-04-26 03:16:07.341521
2024-08-30,SKU_500ML,Botella_500ml,Personal,314,1.2,20.0,244.0,219,2026-04-26 03:16:07.341521
2024-04-13,SKU_1L,Botella_1L,Personal,106,2.0,20.0,82.61,327,2026-04-26 03:16:07.341521
2024-04-02,SKU_500ML,Botella_500ml,Personal,355,1.2,20.0,302.44,268,2026-04-26 03:16:07.341521
2024-06-14,SKU_500ML,Botella_500ml,Personal,472,0.6,20.0,495.22,0,2026-04-26 03:16:07.341521
2024-03-24,SKU_20L,Bidon_20L,Familiar,125,7.5,20.0,125.35,296,2026-04-26 03:16:07.341521
2024-03-29,SKU_1L,Botella_1L,Personal,492,2.0,20.0,0.0,486,2026-04-26 03:16:07.341521
2024-01-24,SKU_20L,Bidon_20L,Familiar,195,7.5,20.0,0.0,500,2026-04-26 03:16:07.341521
2024-12-19,SKU_1L,Botella_1L,Personal,100,2.0,20.0,0.0,519,2026-04-26 03:16:07.341521
2024-09-12,SKU_20L,Bidon_20L,Familiar,226,7.5,20.0,143.34,219,2026-04-26 03:16:07.341521
2024-10-02,SKU_20L,Bidon_20L,Familiar,173,7.5,20.0,51.24,185,2026-04-26 03:16:07.341521
2024-10-23,SKU_1L,Botella_1L,Personal,261,2.0,20.0,296.22,248,2026-04-26 03:16:07.341521
2024-09-14,SKU_20L,Bidon_20L,Familiar,148,7.5,20.0,123.73,502,2026-04-26 03:16:07.341521
2024-05-26,SKU_500ML,Botella_500ml,Personal,154,1.2,20.0,137.11,584,2026-04-26 03:16:07.341521
2024-07-17,SKU_1L,Botella_1L,Personal,88,2.0,20.0,24.07,497,2026-04-26 03:16:07.341521
2024-09-07,SKU_20L,Bidon_20L,Familiar,455,7.5,20.0,555.68,0,2026-04-26 03:16:07.341521
2024-12-29,SKU_20L,Bidon_20L,Familiar,112,7.5,20.0,76.46,253,2026-04-26 03:16:07.341521
2024-01-14,SKU_1L,Botella_1L,Personal,196,2.0,20.0,248.05,360,2026-04-26 03:16:07.341521
2024-09-13,SKU_1L,Botella_1L,Personal,566,1.0,20.0,314.48,296,2026-04-26 03:16:07.341521
2024-02-27,SKU_1L,Botella_1L,Personal,97,2.0,20.0,45.54,424,2026-04-26 03:16:07.341521
2024-04-15,SKU_1L,Botella_1L,Personal,59,2.0,20.0,23.4,249,2026-04-26 03:16:07.341521
2024-03-08,SKU_20L,Bidon_20L,Familiar,210,7.5,20.0,193.1,487,2026-04-26 03:16:07.341521
2024-02-01,SKU_20L,Bidon_20L,Familiar,209,7.5,20.0,260.36,458,2026-04-26 03:16:07.341521
2024-08-27,SKU_20L,Bidon_20L,Familiar,161,7.5,20.0,107.56,393,2026-04-26 03:16:07.341521
2024-04-17,SKU_500ML,Botella_500ml,Personal,207,1.2,20.0,64.16,283,2026-04-26 03:16:07.341521
2024-05-04,SKU_1L,Botella_1L,Personal,411,2.0,20.0,0.0,509,2026-04-26 03:16:07.341521
2024-03-26,SKU_20L,Bidon_20L,Familiar,421,7.5,20.0,475.2,239,2026-04-26 03:16:07.341521
2024-02-02,SKU_20L,Bidon_20L,Familiar,119,7.5,20.0,140.12,150,2026-04-26 03:16:07.341521
2024-01-10,SKU_20L,Bidon_20L,Familiar,124,7.5,20.0,0.0,193,2026-04-26 03:16:07.341521
2024-06-05,SKU_1L,Botella_1L,Personal,297,2.0,20.0,253.3,351,2026-04-26 03:16:07.341521
2024-06-09,SKU_1L,Botella_1L,Personal,295,2.0,20.0,302.46,502,2026-04-26 03:16:07.341521
2024-07-10,SKU_20L,Bidon_20L,Familiar,140,7.5,20.0,57.52,472,2026-04-26 03:16:07.341521
2024-11-04,SKU_1L,Botella_1L,Personal,353,2.0,20.0,333.72,431,2026-04-26 03:16:07.341521
2024-08-30,SKU_1L,Botella_1L,Personal,167,2.0,20.0,122.0,507,2026-04-26 03:16:07.341521
2024-10-26,SKU_20L,Bidon_20L,Familiar,66,7.5,20.0,48.5,515,2026-04-26 03:16:07.341521
2024-09-20,SKU_1L,Botella_1L,Personal,65,2.0,20.0,30.27,246,2026-04-26 03:16:07.341521
2024-08-10,SKU_20L,Bidon_20L,Familiar,220,7.5,20.0,168.27,278,2026-04-26 03:16:07.341521
2024-07-19,SKU_500ML,Botella_500ml,Personal,200,1.2,20.0,185.18,482,2026-04-26 03:16:07.341521
2024-09-01,SKU_20L,Bidon_20L,Familiar,174,7.5,20.0,213.31,533,2026-04-26 03:16:07.341521
2024-11-11,SKU_20L,Bidon_20L,Familiar,247,7.5,20.0,248.78,372,2026-04-26 03:16:07.341521
2024-03-30,SKU_20L,Bidon_20L,Familiar,190,3.75,20.0,102.28,249,2026-04-26 03:16:07.341521
2024-06-30,SKU_20L,Bidon_20L,Familiar,73,7.5,20.0,51.8,240,2026-04-26 03:16:07.341521
2024-03-31,SKU_20L,Bidon_20L,Familiar,277,3.75,20.0,315.88,456,2026-04-26 03:16:07.341521
2024-10-19,SKU_20L,Bidon_20L,Familiar,170,7.5,20.0,121.66,534,2026-04-26 03:16:07.341521
2024-05-18,SKU_20L,Bidon_20L,Familiar,452,7.5,20.0,495.72,255,2026-04-26 03:16:07.341521
2024-08-12,SKU_500ML,Botella_500ml,Personal,116,1.2,20.0,62.53,190,2026-04-26 03:16:07.341521
2024-05-24,SKU_20L,Bidon_20L,Familiar,376,7.5,20.0,446.4,541,2026-04-26 03:16:07.341521
2024-05-07,SKU_500ML,Botella_500ml,Personal,144,0.0,20.0,97.67,154,2026-04-26 03:16:07.341521
2024-11-22,SKU_1L,Botella_1L,Personal,159,2.0,20.0,0.0,180,2026-04-26 03:16:07.341521
2024-09-28,SKU_500ML,Botella_500ml,Personal,369,1.2,20.0,338.26,563,2026-04-26 03:16:07.341521
2024-04-28,SKU_1L,Botella_1L,Personal,218,2.0,20.0,195.72,384,2026-04-26 03:16:07.341521
2024-06-02,SKU_1L,Botella_1L,Personal,235,2.0,20.0,296.44,559,2026-04-26 03:16:07.341521
2024-07-25,SKU_20L,Bidon_20L,Familiar,773,7.5,20.0,957.68,0,2026-04-26 03:16:07.341521
2024-02-03,SKU_20L,Bidon_20L,Familiar,229,7.5,20.0,230.24,482,2026-04-26 03:16:07.341521
2024-09-24,SKU_500ML,Botella_500ml,Personal,162,1.2,20.0,163.27,574,2026-04-26 03:16:07.341521
2024-04-22,SKU_20L,Bidon_20L,Familiar,588,7.5,20.0,525.24,0,2026-04-26 03:16:07.341521
2024-01-09,SKU_1L,Botella_1L,Personal,208,2.0,20.0,211.24,488,2026-04-26 03:16:07.341521
2024-06-05,SKU_20L,Bidon_20L,Familiar,148,7.5,20.0,126.65,590,2026-04-26 03:16:07.341521
2024-02-23,SKU_500ML,Botella_500ml,Personal,210,1.2,20.0,208.31,561,2026-04-26 03:16:07.341521
2024-05-15,SKU_20L,Bidon_20L,Familiar,200,7.5,20.0,215.49,405,2026-04-26 03:16:07.341521
2024-02-04,SKU_20L,Bidon_20L,Familiar,443,7.5,20.0,462.54,417,2026-04-26 03:16:07.341521
2024-02-19,SKU_20L,Bidon_20L,Familiar,184,7.5,20.0,196.91,153,2026-04-26 03:16:07.341521
2024-10-25,SKU_20L,Bidon_20L,Familiar,121,7.5,20.0,86.42,156,2026-04-26 03:16:07.341521
2024-02-23,SKU_20L,Bidon_20L,Familiar,438,7.5,20.0,416.62,359,2026-04-26 03:16:07.341521
2024-02-01,SKU_500ML,Botella_500ml,Personal,221,1.2,20.0,260.36,487,2026-04-26 03:16:07.341521
2024-05-24,SKU_1L,Botella_1L,Personal,185,2.0,20.0,223.2,153,2026-04-26 03:16:07.341521
2024-07-29,SKU_500ML,Botella_500ml,Personal,241,0.0,20.0,285.87,463,2026-04-26 03:16:07.341521
2024-08-03,SKU_20L,Bidon_20L,Familiar,139,7.5,20.0,148.56,459,2026-04-26 03:16:07.341521
2024-04-08,SKU_20L,Bidon_20L,Familiar,289,7.5,20.0,366.68,415,2026-04-26 03:16:07.341521
2024-07-11,SKU_20L,Bidon_20L,Familiar,111,7.5,20.0,28.06,531,2026-04-26 03:16:07.341521
2024-08-09,SKU_1L,Botella_1L,Personal,292,2.0,20.0,123.72,214,2026-04-26 03:16:07.341521
2024-06-10,SKU_1L,Botella_1L,Personal,311,1.0,20.0,272.3,495,2026-04-26 03:16:07.341521
2024-08-02,SKU_1L,Botella_1L,Personal,266,2.0,20.0,184.62,484,2026-04-26 03:16:07.341521
2024-12-17,SKU_1L,Botella_1L,Personal,240,2.0,20.0,252.57,336,2026-04-26 03:16:07.341521
2024-01-20,SKU_1L,Botella_1L,Personal,179,2.0,20.0,225.82,455,2026-04-26 03:16:07.341521
2024-02-01,SKU_1L,Botella_1L,Personal,206,2.0,20.0,260.36,216,2026-04-26 03:16:07.341521
2024-04-28,SKU_20L,Bidon_20L,Familiar,409,7.5,20.0,391.44,498,2026-04-26 03:16:07.341521
2024-05-27,SKU_20L,Bidon_20L,Familiar,237,7.5,20.0,281.16,402,2026-04-26 03:16:07.341521
2024-08-20,SKU_500ML,Botella_500ml,Personal,107,1.2,20.0,68.25,193,2026-04-26 03:16:07.341521
2024-06-01,SKU_500ML,Botella_500ml,Personal,575,0.4,20.0,740.85,0,2026-04-26 03:16:07.341521
2024-02-25,SKU_20L,Bidon_20L,Familiar,225,7.5,20.0,241.64,0,2026-04-26 03:16:07.341521
2024-03-22,SKU_20L,Bidon_20L,Familiar,483,7.5,20.0,592.16,0,2026-04-26 03:16:07.341521
2024-08-29,SKU_20L,Bidon_20L,Familiar,273,7.5,20.0,155.54,377,2026-04-26 03:16:07.341521
2024-10-17,SKU_20L,Bidon_20L,Familiar,173,3.75,20.0,111.44,506,2026-04-26 03:16:07.341521
2024-04-04,SKU_1L,Botella_1L,Personal,114,2.0,20.0,0.0,485,2026-04-26 03:16:07.341521
2024-04-17,SKU_20L,Bidon_20L,Familiar,103,7.5,20.0,32.08,358,2026-04-26 03:16:07.341521
2024-01-10,SKU_500ML,Botella_500ml,Personal,540,1.2,20.0,0.0,0,2026-04-26 03:16:07.341521
2024-09-23,SKU_1L,Botella_1L,Personal,228,2.0,20.0,270.66,480,2026-04-26 03:16:07.341521
2024-06-18,SKU_500ML,Botella_500ml,Personal,212,1.2,20.0,235.32,337,2026-04-26 03:16:07.341521
2024-05-18,SKU_500ML,Botella_500ml,Personal,207,0.0,20.0,247.86,285,2026-04-26 03:16:07.341521
2024-11-06,SKU_500ML,Botella_500ml,Personal,949,1.2,20.0,1180.28,0,2026-04-26 03:16:07.341521
2024-03-18,SKU_500ML,Botella_500ml,Personal,110,1.2,20.0,124.8,224,2026-04-26 03:16:07.341521
2024-11-08,SKU_500ML,Botella_500ml,Personal,105,1.2,20.0,131.4,176,2026-04-26 03:16:07.341521
2024-09-12,SKU_500ML,Botella_500ml,Personal,119,1.2,20.0,71.67,538,2026-04-26 03:16:07.341521
2024-01-17,SKU_20L,Bidon_20L,Familiar,357,7.5,20.0,430.18,411,2026-04-26 03:16:07.341521
2024-06-09,SKU_500ML,Botella_500ml,Personal,298,1.2,20.0,302.46,311,2026-04-26 03:16:07.341521
2024-04-14,SKU_500ML,Botella_500ml,Personal,530,1.2,20.0,579.4,0,2026-04-26 03:16:07.341521
2024-05-06,SKU_1L,Botella_1L,Personal,223,2.0,20.0,193.64,414,2026-04-26 03:16:07.341521
2024-06-25,SKU_20L,Bidon_20L,Familiar,190,7.5,20.0,189.73,288,2026-04-26 03:16:07.341521
2024-06-18,SKU_20L,Bidon_20L,Familiar,207,7.5,20.0,235.32,405,2026-04-26 03:16:07.341521
2024-12-28,SKU_1L,Botella_1L,Personal,219,2.0,20.0,242.67,216,2026-04-26 03:16:07.341521
2024-12-11,SKU_1L,Botella_1L,Personal,199,2.0,20.0,232.86,380,2026-04-26 03:16:07.341521
2024-03-07,SKU_20L,Bidon_20L,Familiar,402,7.5,20.0,466.44,220,2026-04-26 03:16:07.341521
2024-10-29,SKU_500ML,Botella_500ml,Personal,112,1.2,20.0,64.99,167,2026-04-26 03:16:07.341521
2024-08-22,SKU_20L,Bidon_20L,Familiar,79,7.5,20.0,31.44,376,2026-04-26 03:16:07.341521
2024-06-03,SKU_20L,Bidon_20L,Familiar,147,7.5,20.0,62.12,426,2026-04-26 03:16:07.341521
2024-08-29,SKU_1L,Botella_1L,Personal,284,1.0,20.0,155.54,430,2026-04-26 03:16:07.341521
2024-06-29,SKU_500ML,Botella_500ml,Personal,125,1.2,20.0,120.29,528,2026-04-26 03:16:07.341521
2024-09-22,SKU_1L,Botella_1L,Personal,225,2.0,20.0,219.74,233,2026-04-26 03:16:07.341521
2024-04-24,SKU_20L,Bidon_20L,Familiar,383,7.5,20.0,332.94,278,2026-04-26 03:16:07.341521
2024-09-21,SKU_20L,Bidon_20L,Familiar,145,7.5,20.0,90.68,352,2026-04-26 03:16:07.341521
2024-04-22,SKU_500ML,Botella_500ml,Personal,193,1.2,20.0,175.08,281,2026-04-26 03:16:07.341521
2024-10-26,SKU_1L,Botella_1L,Personal,82,2.0,20.0,48.5,543,2026-04-26 03:16:07.341521
2024-03-16,SKU_500ML,Botella_500ml,Personal,337,1.2,20.0,131.25,349,2026-04-26 03:16:07.341521
2024-04-02,SKU_1L,Botella_1L,Personal,178,2.0,20.0,151.22,464,2026-04-26 03:16:07.341521
2024-06-10,SKU_20L,Bidon_20L,Familiar,601,7.5,20.0,544.6,0,2026-04-26 03:16:07.341521
2024-03-19,SKU_1L,Botella_1L,Personal,266,2.0,20.0,247.56,195,2026-04-26 03:16:07.341521
2024-12-23,SKU_20L,Bidon_20L,Familiar,204,7.5,20.0,0.0,228,2026-04-26 03:16:07.341521
2024-07-26,SKU_500ML,Botella_500ml,Personal,155,1.2,20.0,131.03,473,2026-04-26 03:16:07.341521
2024-09-01,SKU_500ML,Botella_500ml,Personal,155,1.2,20.0,213.31,383,2026-04-26 03:16:07.341521
2024-06-21,SKU_1L,Botella_1L,Personal,121,2.0,20.0,89.26,587,2026-04-26 03:16:07.341521
2024-05-07,SKU_1L,Botella_1L,Personal,448,2.0,20.0,293.01,0,2026-04-26 03:16:07.341521
2024-04-30,SKU_20L,Bidon_20L,Familiar,509,7.5,20.0,544.64,0,2026-04-26 03:16:07.341521
2024-11-26,SKU_1L,Botella_1L,Personal,363,2.0,20.0,381.94,312,2026-04-26 03:16:07.341521
2024-07-05,SKU_500ML,Botella_500ml,Personal,231,1.2,20.0,258.61,303,2026-04-26 03:16:07.341521
2024-06-12,SKU_20L,Bidon_20L,Familiar,115,7.5,20.0,35.79,335,2026-04-26 03:16:07.341521
2024-01-15,SKU_20L,Bidon_20L,Familiar,86,7.5,20.0,98.92,448,2026-04-26 03:16:07.341521
2024-04-09,SKU_500ML,Botella_500ml,Personal,656,0.8,20.0,868.23,157,2026-04-26 03:16:07.341521
2024-10-09,SKU_1L,Botella_1L,Personal,167,2.0,20.0,210.15,161,2026-04-26 03:16:07.341521
2024-08-01,SKU_20L,Bidon_20L,Familiar,151,7.5,20.0,157.79,310,2026-04-26 03:16:07.341521
2024-12-02,SKU_500ML,Botella_500ml,Personal,114,1.2,20.0,0.0,170,2026-04-26 03:16:07.341521
2024-03-18,SKU_20L,Bidon_20L,Familiar,356,7.5,20.0,374.4,457,2026-04-26 03:16:07.341521
2024-01-30,SKU_1L,Botella_1L,Personal,111,2.0,20.0,115.42,407,2026-04-26 03:16:07.341521
2024-01-07,SKU_20L,Bidon_20L,Familiar,68,7.5,20.0,25.1,476,2026-04-26 03:16:07.341521
2024-08-15,SKU_20L,Bidon_20L,Familiar,223,7.5,20.0,141.86,163,2026-04-26 03:16:07.341521
2024-08-19,SKU_500ML,Botella_500ml,Personal,184,1.2,20.0,0.0,466,2026-04-26 03:16:07.341521
2024-06-28,SKU_500ML,Botella_500ml,Personal,181,1.2,20.0,0.0,250,2026-04-26 03:16:07.341521
2024-04-03,SKU_20L,Bidon_20L,Familiar,94,7.5,20.0,35.76,334,2026-04-26 03:16:07.341521
2024-06-17,SKU_20L,Bidon_20L,Familiar,295,7.5,20.0,351.04,325,2026-04-26 03:16:07.341521
2024-01-30,SKU_500ML,Botella_500ml,Personal,89,1.2,20.0,115.42,422,2026-04-26 03:16:07.341521
2024-07-01,SKU_500ML,Botella_500ml,Personal,217,1.2,20.0,208.04,365,2026-04-26 03:16:07.341521
2024-04-30,SKU_500ML,Botella_500ml,Personal,494,1.2,20.0,544.64,0,2026-04-26 03:16:07.341521
2024-07-17,SKU_500ML,Botella_500ml,Personal,107,1.2,20.0,24.07,594,2026-04-26 03:16:07.341521
2024-07-07,SKU_500ML,Botella_500ml,Personal,186,1.2,20.0,177.06,174,2026-04-26 03:16:07.341521
2024-01-02,SKU_1L,Botella_1L,Personal,244,2.0,20.0,289.13,218,2026-04-26 03:16:07.341521
2024-07-31,SKU_500ML,Botella_500ml,Personal,455,1.2,20.0,558.88,0,2026-04-26 03:16:07.341521
2024-02-03,SKU_500ML,Botella_500ml,Personal,222,1.2,20.0,230.24,546,2026-04-26 03:16:07.341521
2024-03-24,SKU_500ML,Botella_500ml,Personal,248,1.2,20.0,250.7,485,2026-04-26 03:16:07.341521
2024-06-25,SKU_1L,Botella_1L,Personal,187,2.0,20.0,189.73,519,2026-04-26 03:16:07.341521
2024-08-16,SKU_500ML,Botella_500ml,Personal,333,1.2,20.0,233.58,544,2026-04-26 03:16:07.341521
2024-03-15,SKU_1L,Botella_1L,Personal,104,2.0,20.0,0.0,176,2026-04-26 03:16:07.341521
2024-09-29,SKU_1L,Botella_1L,Personal,578,2.0,20.0,351.56,0,2026-04-26 03:16:07.341521
2024-01-12,SKU_1L,Botella_1L,Personal,499,2.0,20.0,513.14,0,2026-04-26 03:16:07.341521
2024-12-28,SKU_500ML,Botella_500ml,Personal,194,1.2,20.0,242.67,577,2026-04-26 03:16:07.341521
2024-10-04,SKU_20L,Bidon_20L,Familiar,487,7.5,20.0,316.84,0,2026-04-26 03:16:07.341521
2024-05-12,SKU_20L,Bidon_20L,Familiar,69,7.5,20.0,41.77,310,2026-04-26 03:16:07.341521
2024-01-21,SKU_1L,Botella_1L,Personal,229,2.0,20.0,244.97,267,2026-04-26 03:16:07.341521
2024-03-28,SKU_500ML,Botella_500ml,Personal,164,1.2,20.0,138.78,155,2026-04-26 03:16:07.341521
2024-11-24,SKU_1L,Botella_1L,Personal,114,2.0,20.0,0.0,424,2026-04-26 03:16:07.341521
2024-12-03,SKU_1L,Botella_1L,Personal,284,2.0,20.0,228.5,436,2026-04-26 03:16:07.341521
2024-05-01,SKU_1L,Botella_1L,Personal,109,2.0,20.0,32.72,209,2026-04-26 03:16:07.341521
2024-04-14,SKU_20L,Bidon_20L,Familiar,260,7.5,20.0,289.7,265,2026-04-26 03:16:07.341521
2024-07-09,SKU_500ML,Botella_500ml,Personal,226,1.2,20.0,265.96,260,2026-04-26 03:16:07.341521
2024-09-09,SKU_20L,Bidon_20L,Familiar,439,5.0,20.0,292.59,229,2026-04-26 03:16:07.341521
2024-07-25,SKU_500ML,Botella_500ml,Personal,562,1.2,20.0,718.26,0,2026-04-26 03:16:07.341521
2024-12-13,SKU_500ML,Botella_500ml,Personal,275,1.2,20.0,304.08,337,2026-04-26 03:16:07.341521
2024-04-10,SKU_1L,Botella_1L,Personal,563,2.0,20.0,624.8,0,2026-04-26 03:16:07.341521
2024-03-02,SKU_500ML,Botella_500ml,Personal,251,1.2,20.0,287.26,432,2026-04-26 03:16:07.341521
2024-02-24,SKU_20L,Bidon_20L,Familiar,211,7.5,20.0,230.66,229,2026-04-26 03:16:07.341521
2024-02-03,SKU_1L,Botella_1L,Personal,244,2.0,20.0,230.24,497,2026-04-26 03:16:07.341521
2024-04-07,SKU_1L,Botella_1L,Personal,209,0.0,20.0,228.89,352,2026-04-26 03:16:07.341521
2024-07-21,SKU_20L,Bidon_20L,Familiar,131,7.5,20.0,142.49,494,2026-04-26 03:16:07.341521
2024-02-16,SKU_1L,Botella_1L,Personal,252,2.0,20.0,286.02,0,2026-04-26 03:16:07.341521
2024-12-07,SKU_500ML,Botella_500ml,Personal,138,0.0,20.0,110.26,524,2026-04-26 03:16:07.341521
2024-07-08,SKU_20L,Bidon_20L,Familiar,198,7.5,20.0,265.46,180,2026-04-26 03:16:07.341521
2024-12-09,SKU_20L,Bidon_20L,Familiar,120,7.5,20.0,91.3,232,2026-04-26 03:16:07.341521
2024-02-07,SKU_1L,Botella_1L,Personal,417,1.33,20.0,484.41,369,2026-04-26 03:16:07.341521
2024-12-14,SKU_20L,Bidon_20L,Familiar,134,7.5,20.0,135.32,409,2026-04-26 03:16:07.341521
2024-10-15,SKU_500ML,Botella_500ml,Personal,597,1.2,20.0,0.0,0,2026-04-26 03:16:07.341521
2024-03-03,SKU_20L,Bidon_20L,Familiar,247,7.5,20.0,268.56,339,2026-04-26 03:16:07.341521
2024-07-17,SKU_20L,Bidon_20L,Familiar,320,7.5,20.0,72.21,460,2026-04-26 03:16:07.341521
2024-07-27,SKU_20L,Bidon_20L,Familiar,150,7.5,20.0,194.18,563,2026-04-26 03:16:07.341521
2024-11-12,SKU_20L,Bidon_20L,Familiar,357,7.5,20.0,276.63,235,2026-04-26 03:16:07.341521
2024-02-09,SKU_500ML,Botella_500ml,Personal,260,1.2,20.0,219.22,543,2026-04-26 03:16:07.341521
2024-05-13,SKU_1L,Botella_1L,Personal,235,2.0,20.0,292.83,261,2026-04-26 03:16:07.341521
2024-06-10,SKU_500ML,Botella_500ml,Personal,171,1.2,20.0,136.15,156,2026-04-26 03:16:07.341521
2024-06-20,SKU_500ML,Botella_500ml,Personal,195,1.2,20.0,257.9,508,2026-04-26 03:16:07.341521
2024-02-26,SKU_20L,Bidon_20L,Familiar,183,7.5,20.0,241.09,283,2026-04-26 03:16:07.341521
2024-06-17,SKU_1L,Botella_1L,Personal,140,2.0,20.0,175.52,463,2026-04-26 03:16:07.341521
2024-11-10,SKU_1L,Botella_1L,Personal,246,2.0,20.0,262.34,207,2026-04-26 03:16:07.341521
2024-06-07,SKU_500ML,Botella_500ml,Personal,434,1.2,20.0,511.58,384,2026-04-26 03:16:07.341521
2024-06-28,SKU_1L,Botella_1L,Personal,333,2.0,20.0,0.0,224,2026-04-26 03:16:07.341521
2024-08-19,SKU_20L,Bidon_20L,Familiar,751,7.5,20.0,0.0,0,2026-04-26 03:16:07.341521
2024-02-21,SKU_20L,Bidon_20L,Familiar,424,5.0,20.0,306.3,342,2026-04-26 03:16:07.341521
2024-11-14,SKU_20L,Bidon_20L,Familiar,175,7.5,20.0,207.22,554,2026-04-26 03:16:07.341521
2024-02-17,SKU_1L,Botella_1L,Personal,239,2.0,20.0,286.17,359,2026-04-26 03:16:07.341521
2024-07-30,SKU_20L,Bidon_20L,Familiar,108,7.5,20.0,61.18,186,2026-04-26 03:16:07.341521
2024-04-20,SKU_20L,Bidon_20L,Familiar,454,7.5,20.0,596.06,0,2026-04-26 03:16:07.341521
2024-12-02,SKU_20L,Bidon_20L,Familiar,323,7.5,20.0,0.0,511,2026-04-26 03:16:07.341521
2024-08-24,SKU_20L,Bidon_20L,Familiar,119,7.5,20.0,98.01,237,2026-04-26 03:16:07.341521
2024-11-21,SKU_20L,Bidon_20L,Familiar,163,7.5,20.0,110.63,538,2026-04-26 03:16:07.341521
2024-01-09,SKU_20L,Bidon_20L,Familiar,217,7.5,20.0,211.24,570,2026-04-26 03:16:07.341521
2024-12-01,SKU_500ML,Botella_500ml,Personal,129,1.2,20.0,169.13,520,2026-04-26 03:16:07.341521
2024-07-02,SKU_1L,Botella_1L,Personal,187,2.0,20.0,165.69,472,2026-04-26 03:16:07.341521
2024-12-04,SKU_500ML,Botella_500ml,Personal,105,1.2,20.0,57.64,427,2026-04-26 03:16:07.341521
2024-09-28,SKU_1L,Botella_1L,Personal,193,2.0,20.0,169.13,505,2026-04-26 03:16:07.341521
2024-02-14,SKU_20L,Bidon_20L,Familiar,181,7.5,20.0,91.12,589,2026-04-26 03:16:07.341521
2024-11-26,SKU_20L,Bidon_20L,Familiar,189,7.5,20.0,190.97,435,2026-04-26 03:16:07.341521
2024-05-27,SKU_1L,Botella_1L,Personal,242,2.0,20.0,281.16,311,2026-04-26 03:16:07.341521
2024-06-04,SKU_20L,Bidon_20L,Familiar,505,7.5,20.0,559.08,0,2026-04-26 03:16:07.341521
2024-06-20,SKU_20L,Bidon_20L,Familiar,350,7.5,20.0,515.8,340,2026-04-26 03:16:07.341521
2024-06-15,SKU_500ML,Botella_500ml,Personal,223,1.2,20.0,0.0,245,2026-04-26 03:16:07.341521
2024-10-06,SKU_1L,Botella_1L,Personal,114,2.0,20.0,53.53,508,2026-04-26 03:16:07.341521
2024-08-22,SKU_500ML,Botella_500ml,Personal,294,0.9,20.0,125.76,527,2026-04-26 03:16:07.341521
2024-05-20,SKU_20L,Bidon_20L,Familiar,276,3.75,20.0,131.06,466,2026-04-26 03:16:07.341521
2024-02-24,SKU_500ML,Botella_500ml,Personal,205,1.2,20.0,230.66,335,2026-04-26 03:16:07.341521
2024-11-28,SKU_500ML,Botella_500ml,Personal,152,1.2,20.0,182.75,327,2026-04-26 03:16:07.341521
2024-02-27,SKU_500ML,Botella_500ml,Personal,60,1.2,20.0,45.54,587,2026-04-26 03:16:07.341521
2024-06-27,SKU_500ML,Botella_500ml,Personal,431,1.2,20.0,416.16,371,2026-04-26 03:16:07.341521
2024-03-13,SKU_20L,Bidon_20L,Familiar,205,7.5,20.0,250.12,431,2026-04-26 03:16:07.341521
2024-09-08,SKU_20L,Bidon_20L,Familiar,75,7.5,20.0,37.1,337,2026-04-26 03:16:07.341521
2024-01-29,SKU_20L,Bidon_20L,Familiar,228,7.5,20.0,237.4,551,2026-04-26 03:16:07.341521
2024-10-31,SKU_500ML,Botella_500ml,Personal,135,1.2,20.0,99.83,416,2026-04-26 03:16:07.341521
2024-12-17,SKU_20L,Bidon_20L,Familiar,255,7.5,20.0,252.57,547,2026-04-26 03:16:07.341521
2024-06-27,SKU_1L,Botella_1L,Personal,212,2.0,20.0,208.08,588,2026-04-26 03:16:07.341521
2024-01-27,SKU_1L,Botella_1L,Personal,253,2.0,20.0,271.06,240,2026-04-26 03:16:07.341521
2024-09-30,SKU_1L,Botella_1L,Personal,137,2.0,20.0,95.39,530,2026-04-26 03:16:07.341521
2024-06-27,SKU_20L,Bidon_20L,Familiar,215,7.5,20.0,208.08,345,2026-04-26 03:16:07.341521
2024-10-30,SKU_1L,Botella_1L,Personal,113,2.0,20.0,72.24,544,2026-04-26 03:16:07.341521
2024-01-06,SKU_20L,Bidon_20L,Familiar,151,7.5,20.0,96.44,357,2026-04-26 03:16:07.341521
2024-08-31,SKU_1L,Botella_1L,Personal,141,0.0,20.0,160.96,452,2026-04-26 03:16:07.341521
2024-12-24,SKU_500ML,Botella_500ml,Personal,216,1.2,20.0,227.51,463,2026-04-26 03:16:07.341521
2024-02-14,SKU_1L,Botella_1L,Personal,176,2.0,20.0,91.12,269,2026-04-26 03:16:07.341521
2024-02-06,SKU_20L,Bidon_20L,Familiar,446,7.5,20.0,545.42,0,2026-04-26 03:16:07.341521
2024-11-27,SKU_500ML,Botella_500ml,Personal,140,1.2,20.0,100.82,553,2026-04-26 03:16:07.341521
2024-08-01,SKU_1L,Botella_1L,Personal,155,2.0,20.0,157.79,266,2026-04-26 03:16:07.341521
2024-04-23,SKU_500ML,Botella_500ml,Personal,246,1.2,20.0,291.4,425,2026-04-26 03:16:07.341521
2024-11-09,SKU_20L,Bidon_20L,Familiar,533,3.75,20.0,582.9,0,2026-04-26 03:16:07.341521
2024-12-23,SKU_1L,Botella_1L,Personal,91,2.0,20.0,0.0,432,2026-04-26 03:16:07.341521
2024-10-28,SKU_1L,Botella_1L,Personal,135,2.0,20.0,88.87,276,2026-04-26 03:16:07.341521
2024-08-19,SKU_1L,Botella_1L,Personal,391,2.0,20.0,0.0,229,2026-04-26 03:16:07.341521
2024-01-26,SKU_1L,Botella_1L,Personal,248,2.0,20.0,297.34,0,2026-04-26 03:16:07.341521
2024-03-05,SKU_1L,Botella_1L,Personal,71,2.0,20.0,52.78,307,2026-04-26 03:16:07.341521
2024-01-10,SKU_1L,Botella_1L,Personal,102,2.0,20.0,0.0,295,2026-04-26 03:16:07.341521
2024-02-08,SKU_1L,Botella_1L,Personal,233,2.0,20.0,251.41,396,2026-04-26 03:16:07.341521
2024-06-07,SKU_1L,Botella_1L,Personal,215,2.0,20.0,255.79,211,2026-04-26 03:16:07.341521
2024-01-20,SKU_500ML,Botella_500ml,Personal,194,1.2,20.0,225.82,382,2026-04-26 03:16:07.341521
2024-12-12,SKU_500ML,Botella_500ml,Personal,201,1.2,20.0,186.78,569,2026-04-26 03:16:07.341521
2024-10-18,SKU_1L,Botella_1L,Personal,82,2.0,20.0,0.0,166,2026-04-26 03:16:07.341521
2024-10-31,SKU_20L,Bidon_20L,Familiar,126,7.5,20.0,99.83,256,2026-04-26 03:16:07.341521
2024-01-21,SKU_500ML,Botella_500ml,Personal,219,1.2,20.0,244.97,185,2026-04-26 03:16:07.341521
2024-08-08,SKU_500ML,Botella_500ml,Personal,124,1.2,20.0,0.0,235,2026-04-26 03:16:07.341521
2024-07-24,SKU_20L,Bidon_20L,Familiar,146,0.0,20.0,163.92,296,2026-04-26 03:16:07.341521
2024-03-13,SKU_1L,Botella_1L,Personal,384,2.0,20.0,500.24,560,2026-04-26 03:16:07.341521
2024-04-13,SKU_20L,Bidon_20L,Familiar,337,5.0,20.0,247.83,567,2026-04-26 03:16:07.341521
2024-07-27,SKU_500ML,Botella_500ml,Personal,177,1.2,20.0,194.18,235,2026-04-26 03:16:07.341521
2024-11-05,SKU_20L,Bidon_20L,Familiar,128,7.5,20.0,0.0,396,2026-04-26 03:16:07.341521
2024-08-28,SKU_500ML,Botella_500ml,Personal,194,1.2,20.0,149.02,389,2026-04-26 03:16:07.341521
2024-02-24,SKU_1L,Botella_1L,Personal,200,2.0,20.0,230.66,204,2026-04-26 03:16:07.341521
2024-04-01,SKU_1L,Botella_1L,Personal,102,2.0,20.0,23.18,414,2026-04-26 03:16:07.341521
2024-06-19,SKU_1L,Botella_1L,Personal,248,2.0,20.0,0.0,257,2026-04-26 03:16:07.341521
2024-03-17,SKU_500ML,Botella_500ml,Personal,267,1.2,20.0,296.26,561,2026-04-26 03:16:07.341521
2024-03-02,SKU_1L,Botella_1L,Personal,133,2.0,20.0,143.63,551,2026-04-26 03:16:07.341521
2024-12-20,SKU_1L,Botella_1L,Personal,371,2.0,20.0,449.28,425,2026-04-26 03:16:07.341521
2024-10-28,SKU_20L,Bidon_20L,Familiar,126,7.5,20.0,88.87,527,2026-04-26 03:16:07.341521
2024-09-21,SKU_500ML,Botella_500ml,Personal,151,1.2,20.0,90.68,437,2026-04-26 03:16:07.341521
2024-11-29,SKU_1L,Botella_1L,Personal,158,2.0,20.0,126.44,248,2026-04-26 03:16:07.341521
2024-01-23,SKU_500ML,Botella_500ml,Personal,92,1.2,20.0,69.68,158,2026-04-26 03:16:07.341521
2024-01-16,SKU_20L,Bidon_20L,Familiar,169,7.5,20.0,106.18,243,2026-04-26 03:16:07.341521
2024-05-31,SKU_500ML,Botella_500ml,Personal,131,1.2,20.0,125.41,263,2026-04-26 03:16:07.341521
2024-10-06,SKU_20L,Bidon_20L,Familiar,231,7.5,20.0,107.06,468,2026-04-26 03:16:07.341521
2024-03-08,SKU_1L,Botella_1L,Personal,215,2.0,20.0,193.1,592,2026-04-26 03:16:07.341521
2024-03-13,SKU_500ML,Botella_500ml,Personal,415,1.2,20.0,500.24,323,2026-04-26 03:16:07.341521
2024-10-02,SKU_500ML,Botella_500ml,Personal,177,1.2,20.0,51.24,246,2026-04-26 03:16:07.341521
2024-04-01,SKU_20L,Bidon_20L,Familiar,284,7.5,20.0,69.54,507,2026-04-26 03:16:07.341521
2024-03-21,SKU_500ML,Botella_500ml,Personal,532,1.2,20.0,570.46,0,2026-04-26 03:16:07.341521
2024-10-06,SKU_500ML,Botella_500ml,Personal,234,1.2,20.0,107.06,289,2026-04-26 03:16:07.341521
2024-05-25,SKU_20L,Bidon_20L,Familiar,304,7.5,20.0,383.52,171,2026-04-26 03:16:07.341521
2024-11-10,SKU_500ML,Botella_500ml,Personal,483,1.2,20.0,524.68,0,2026-04-26 03:16:07.341521
2024-02-20,SKU_1L,Botella_1L,Personal,178,2.0,20.0,145.56,417,2026-04-26 03:16:07.341521
2024-11-13,SKU_500ML,Botella_500ml,Personal,173,1.2,20.0,135.7,556,2026-04-26 03:16:07.341521
2024-12-21,SKU_20L,Bidon_20L,Familiar,504,7.5,20.0,565.48,0,2026-04-26 03:16:07.341521
2024-02-06,SKU_1L,Botella_1L,Personal,209,2.0,20.0,272.71,507,2026-04-26 03:16:07.341521
2024-11-16,SKU_500ML,Botella_500ml,Personal,167,0.0,20.0,175.89,447,2026-04-26 03:16:07.341521
2024-06-07,SKU_20L,Bidon_20L,Familiar,204,7.5,20.0,255.79,507,2026-04-26 03:16:07.341521
2024-04-11,SKU_500ML,Botella_500ml,Personal,140,1.2,20.0,100.0,431,2026-04-26 03:16:07.341521
2024-07-10,SKU_500ML,Botella_500ml,Personal,274,1.2,20.0,115.04,393,2026-04-26 03:16:07.341521
2024-12-17,SKU_500ML,Botella_500ml,Personal,473,1.2,20.0,505.14,0,2026-04-26 03:16:07.341521
2024-07-06,SKU_20L,Bidon_20L,Familiar,352,7.5,20.0,349.06,440,2026-04-26 03:16:07.341521
2024-09-26,SKU_20L,Bidon_20L,Familiar,69,7.5,20.0,50.01,414,2026-04-26 03:16:07.341521
2024-03-04,SKU_500ML,Botella_500ml,Personal,129,1.2,20.0,118.26,436,2026-04-26 03:16:07.341521
2024-04-15,SKU_20L,Bidon_20L,Familiar,72,7.5,20.0,23.4,382,2026-04-26 03:16:07.341521
2024-02-13,SKU_20L,Bidon_20L,Familiar,248,7.5,20.0,273.51,394,2026-04-26 03:16:07.341521
2024-06-06,SKU_20L,Bidon_20L,Familiar,264,7.5,20.0,291.58,239,2026-04-26 03:16:07.341521
2024-01-18,SKU_500ML,Botella_500ml,Personal,188,1.2,20.0,196.1,285,2026-04-26 03:16:07.341521
2024-02-05,SKU_20L,Bidon_20L,Familiar,117,7.5,20.0,48.87,597,2026-04-26 03:16:07.341521
2024-05-01,SKU_500ML,Botella_500ml,Personal,200,1.2,20.0,65.44,396,2026-04-26 03:16:07.341521
2024-10-24,SKU_1L,Botella_1L,Personal,159,2.0,20.0,189.62,278,2026-04-26 03:16:07.341521
2024-03-18,SKU_1L,Botella_1L,Personal,257,2.0,20.0,249.6,391,2026-04-26 03:16:07.341521
2024-10-15,SKU_20L,Bidon_20L,Familiar,182,7.5,20.0,0.0,309,2026-04-26 03:16:07.341521
2024-11-08,SKU_20L,Bidon_20L,Familiar,238,7.5,20.0,262.8,491,2026-04-26 03:16:07.341521
2024-07-28,SKU_20L,Bidon_20L,Familiar,198,7.5,20.0,261.46,473,2026-04-26 03:16:07.341521
2024-12-22,SKU_1L,Botella_1L,Personal,176,2.0,20.0,141.5,499,2026-04-26 03:16:07.341521
2024-08-18,SKU_500ML,Botella_500ml,Personal,198,1.2,20.0,152.71,192,2026-04-26 03:16:07.341521
2024-09-15,SKU_500ML,Botella_500ml,Personal,156,1.2,20.0,0.0,401,2026-04-26 03:16:07.341521
2024-09-28,SKU_20L,Bidon_20L,Familiar,370,7.5,20.0,338.26,500,2026-04-26 03:16:07.341521
2024-09-22,SKU_500ML,Botella_500ml,Personal,432,1.2,20.0,439.48,277,2026-04-26 03:16:07.341521
2024-04-16,SKU_500ML,Botella_500ml,Personal,233,1.2,20.0,291.57,356,2026-04-26 03:16:07.341521
2024-02-19,SKU_1L,Botella_1L,Personal,154,2.0,20.0,196.91,554,2026-04-26 03:16:07.341521
2024-10-16,SKU_1L,Botella_1L,Personal,324,2.0,20.0,281.72,559,2026-04-26 03:16:07.341521
2024-08-07,SKU_1L,Botella_1L,Personal,426,2.0,20.0,394.7,380,2026-04-26 03:16:07.341521
2024-06-30,SKU_500ML,Botella_500ml,Personal,74,1.2,20.0,51.8,562,2026-04-26 03:16:07.341521
2024-10-17,SKU_500ML,Botella_500ml,Personal,161,1.2,20.0,111.44,340,2026-04-26 03:16:07.341521
2024-09-11,SKU_20L,Bidon_20L,Familiar,182,7.5,20.0,229.51,567,2026-04-26 03:16:07.341521
2024-07-20,SKU_20L,Bidon_20L,Familiar,351,7.5,20.0,389.49,295,2026-04-26 03:16:07.341521
2024-11-05,SKU_1L,Botella_1L,Personal,131,2.0,20.0,0.0,279,2026-04-26 03:16:07.341521
2024-02-14,SKU_500ML,Botella_500ml,Personal,63,1.2,20.0,45.56,542,2026-04-26 03:16:07.341521
2024-11-12,SKU_500ML,Botella_500ml,Personal,116,1.2,20.0,92.21,316,2026-04-26 03:16:07.341521
2024-08-14,SKU_500ML,Botella_500ml,Personal,434,1.2,20.0,398.88,182,2026-04-26 03:16:07.341521
2024-04-18,SKU_1L,Botella_1L,Personal,208,2.0,20.0,269.52,204,2026-04-26 03:16:07.341521
2024-05-10,SKU_1L,Botella_1L,Personal,123,2.0,20.0,118.94,533,2026-04-26 03:16:07.341521
2024-06-08,SKU_20L,Bidon_20L,Familiar,221,7.5,20.0,254.73,385,2026-04-26 03:16:07.341521
2024-12-22,SKU_500ML,Botella_500ml,Personal,80,1.2,20.0,70.75,418,2026-04-26 03:16:07.341521
2024-07-18,SKU_20L,Bidon_20L,Familiar,153,7.5,20.0,118.16,444,2026-04-26 03:16:07.341521
2024-10-10,SKU_20L,Bidon_20L,Familiar,382,7.5,20.0,481.94,287,2026-04-26 03:16:07.341521
2024-06-16,SKU_500ML,Botella_500ml,Personal,217,1.2,20.0,299.06,284,2026-04-26 03:16:07.341521
2024-05-02,SKU_500ML,Botella_500ml,Personal,227,0.6,20.0,197.34,184,2026-04-26 03:16:07.341521
2024-12-12,SKU_1L,Botella_1L,Personal,355,1.0,20.0,373.56,284,2026-04-26 03:16:07.341521
2024-04-20,SKU_500ML,Botella_500ml,Personal,485,1.2,20.0,596.06,0,2026-04-26 03:16:07.341521
2024-07-04,SKU_500ML,Botella_500ml,Personal,315,1.2,20.0,331.3,552,2026-04-26 03:16:07.341521
2024-10-25,SKU_1L,Botella_1L,Personal,376,2.0,20.0,259.26,574,2026-04-26 03:16:07.341521
2024-11-25,SKU_20L,Bidon_20L,Familiar,157,7.5,20.0,104.3,399,2026-04-26 03:16:07.341521
2024-07-28,SKU_500ML,Botella_500ml,Personal,407,1.2,20.0,522.92,322,2026-04-26 03:16:07.341521
2024-05-14,SKU_20L,Bidon_20L,Familiar,287,7.5,20.0,296.14,532,2026-04-26 03:16:07.341521
2024-03-10,SKU_500ML,Botella_500ml,Personal,132,1.2,20.0,43.55,378,2026-04-26 03:16:07.341521
2024-11-24,SKU_20L,Bidon_20L,Familiar,322,7.5,20.0,0.0,555,2026-04-26 03:16:07.341521
2024-06-24,SKU_20L,Bidon_20L,Familiar,220,7.5,20.0,287.13,566,2026-04-26 03:16:07.341521
2024-12-16,SKU_20L,Bidon_20L,Familiar,221,7.5,20.0,280.27,588,2026-04-26 03:16:07.341521
2024-08-04,SKU_500ML,Botella_500ml,Personal,235,1.2,20.0,294.41,480,2026-04-26 03:16:07.341521
2024-07-12,SKU_500ML,Botella_500ml,Personal,215,1.2,20.0,231.44,321,2026-04-26 03:16:07.341521
2024-09-27,SKU_1L,Botella_1L,Personal,163,2.0,20.0,145.28,559,2026-04-26 03:16:07.341521
2024-08-17,SKU_1L,Botella_1L,Personal,224,2.0,20.0,271.1,541,2026-04-26 03:16:07.341521
2024-04-09,SKU_20L,Bidon_20L,Familiar,416,7.5,20.0,578.82,510,2026-04-26 03:16:07.341521
2024-09-14,SKU_500ML,Botella_500ml,Personal,141,1.2,20.0,123.73,423,2026-04-26 03:16:07.341521
2024-05-03,SKU_20L,Bidon_20L,Familiar,427,7.5,20.0,0.0,262,2026-04-26 03:16:07.341521
2024-09-07,SKU_500ML,Botella_500ml,Personal,232,1.2,20.0,277.84,562,2026-04-26 03:16:07.341521
2024-09-04,SKU_1L,Botella_1L,Personal,424,2.0,20.0,391.62,477,2026-04-26 03:16:07.341521
2024-01-15,SKU_1L,Botella_1L,Personal,114,2.0,20.0,98.92,556,2026-04-26 03:16:07.341521
2024-06-28,SKU_20L,Bidon_20L,Familiar,155,7.5,20.0,0.0,559,2026-04-26 03:16:07.341521
2024-05-16,SKU_1L,Botella_1L,Personal,325,2.0,20.0,340.22,252,2026-04-26 03:16:07.341521
2024-07-19,SKU_20L,Bidon_20L,Familiar,384,7.5,20.0,370.36,425,2026-04-26 03:16:07.341521
2024-01-23,SKU_20L,Bidon_20L,Familiar,90,7.5,20.0,69.68,417,2026-04-26 03:16:07.341521
2024-07-14,SKU_20L,Bidon_20L,Familiar,212,7.5,20.0,217.14,281,2026-04-26 03:16:07.341521
2024-12-26,SKU_20L,Bidon_20L,Familiar,208,7.5,20.0,255.71,417,2026-04-26 03:16:07.341521
2024-10-14,SKU_20L,Bidon_20L,Familiar,357,7.5,20.0,368.64,325,2026-04-26 03:16:07.341521
2024-09-04,SKU_20L,Bidon_20L,Familiar,414,7.5,20.0,391.62,477,2026-04-26 03:16:07.341521
2024-03-27,SKU_500ML,Botella_500ml,Personal,380,0.6,20.0,352.7,477,2026-04-26 03:16:07.341521
2024-03-19,SKU_20L,Bidon_20L,Familiar,125,7.5,20.0,123.78,182,2026-04-26 03:16:07.341521
2024-06-21,SKU_500ML,Botella_500ml,Personal,115,1.2,20.0,89.26,336,2026-04-26 03:16:07.341521
2024-10-22,SKU_20L,Bidon_20L,Familiar,142,7.5,20.0,119.71,390,2026-04-26 03:16:07.341521
2024-02-15,SKU_500ML,Botella_500ml,Personal,149,0.0,20.0,109.41,192,2026-04-26 03:16:07.341521
2024-07-05,SKU_1L,Botella_1L,Personal,467,2.0,20.0,517.22,0,2026-04-26 03:16:07.341521
2024-09-11,SKU_500ML,Botella_500ml,Personal,730,1.2,20.0,918.04,0,2026-04-26 03:16:07.341521
2024-09-29,SKU_20L,Bidon_20L,Familiar,537,7.5,20.0,351.56,295,2026-04-26 03:16:07.341521
2024-09-10,SKU_500ML,Botella_500ml,Personal,375,1.2,20.0,491.48,305,2026-04-26 03:16:07.341521
2024-05-08,SKU_1L,Botella_1L,Personal,138,2.0,20.0,145.34,284,2026-04-26 03:16:07.341521
2024-01-14,SKU_20L,Bidon_20L,Familiar,200,7.5,20.0,248.05,457,2026-04-26 03:16:07.341521
2024-09-02,SKU_500ML,Botella_500ml,Personal,101,1.2,20.0,31.01,475,2026-04-26 03:16:07.341521
2024-12-10,SKU_20L,Bidon_20L,Familiar,197,7.5,20.0,210.82,229,2026-04-26 03:16:07.341521
2024-02-05,SKU_500ML,Botella_500ml,Personal,125,1.2,20.0,48.87,365,2026-04-26 03:16:07.341521
2024-01-08,SKU_20L,Bidon_20L,Familiar,255,7.5,20.0,92.88,518,2026-04-26 03:16:07.341521
2024-04-19,SKU_20L,Bidon_20L,Familiar,143,7.5,20.0,167.76,300,2026-04-26 03:16:07.341521
2024-11-05,SKU_500ML,Botella_500ml,Personal,140,1.2,20.0,0.0,212,2026-04-26 03:16:07.341521
2024-12-26,SKU_500ML,Botella_500ml,Personal,197,1.2,20.0,255.71,206,2026-04-26 03:16:07.341521
2024-12-19,SKU_500ML,Botella_500ml,Personal,161,1.2,20.0,0.0,314,2026-04-26 03:16:07.341521
2024-11-15,SKU_1L,Botella_1L,Personal,220,2.0,20.0,280.23,154,2026-04-26 03:16:07.341521
2024-12-27,SKU_1L,Botella_1L,Personal,104,2.0,20.0,0.0,184,2026-04-26 03:16:07.341521
2024-11-13,SKU_20L,Bidon_20L,Familiar,149,7.5,20.0,135.7,449,2026-04-26 03:16:07.341521
2024-05-28,SKU_500ML,Botella_500ml,Personal,389,1.2,20.0,525.0,444,2026-04-26 03:16:07.341521
2024-01-03,SKU_1L,Botella_1L,Personal,259,2.0,20.0,273.5,0,2026-04-26 03:16:07.341521
2024-12-11,SKU_500ML,Botella_500ml,Personal,625,1.2,20.0,698.58,0,2026-04-26 03:16:07.341521
2024-01-03,SKU_20L,Bidon_20L,Familiar,240,7.5,20.0,273.5,0,2026-04-26 03:16:07.341521
2024-03-22,SKU_1L,Botella_1L,Personal,254,0.0,20.0,296.08,520,2026-04-26 03:16:07.341521
2024-04-29,SKU_1L,Botella_1L,Personal,344,2.0,20.0,367.22,450,2026-04-26 03:16:07.341521
2024-07-01,SKU_20L,Bidon_20L,Familiar,210,7.5,20.0,208.04,218,2026-04-26 03:16:07.341521
2024-05-26,SKU_1L,Botella_1L,Personal,305,2.0,20.0,274.22,396,2026-04-26 03:16:07.341521
2024-11-24,SKU_500ML,Botella_500ml,Personal,236,1.2,20.0,0.0,509,2026-04-26 03:16:07.341521
2024-08-17,SKU_20L,Bidon_20L,Familiar,492,7.5,20.0,542.2,0,2026-04-26 03:16:07.341521
2024-04-03,SKU_1L,Botella_1L,Personal,92,2.0,20.0,35.76,168,2026-04-26 03:16:07.341521
2024-02-21,SKU_1L,Botella_1L,Personal,132,2.0,20.0,102.1,153,2026-04-26 03:16:07.341521
2024-04-10,SKU_20L,Bidon_20L,Familiar,208,7.5,20.0,249.92,196,2026-04-26 03:16:07.341521
2024-08-16,SKU_1L,Botella_1L,Personal,487,2.0,20.0,350.37,0,2026-04-26 03:16:07.341521
2024-09-27,SKU_20L,Bidon_20L,Familiar,154,7.5,20.0,145.28,463,2026-04-26 03:16:07.341521
2024-04-27,SKU_1L,Botella_1L,Personal,146,2.0,20.0,147.27,537,2026-04-26 03:16:07.341521
2024-12-06,SKU_500ML,Botella_500ml,Personal,250,1.2,20.0,297.19,428,2026-04-26 03:16:07.341521
2024-03-03,SKU_500ML,Botella_500ml,Personal,255,1.2,20.0,268.56,397,2026-04-26 03:16:07.341521
2024-11-11,SKU_1L,Botella_1L,Personal,434,2.0,20.0,497.56,474,2026-04-26 03:16:07.341521
2024-11-23,SKU_500ML,Botella_500ml,Personal,173,1.2,20.0,162.13,332,2026-04-26 03:16:07.341521
2024-10-03,SKU_1L,Botella_1L,Personal,147,2.0,20.0,110.18,219,2026-04-26 03:16:07.341521
2024-09-20,SKU_500ML,Botella_500ml,Personal,243,1.2,20.0,90.81,341,2026-04-26 03:16:07.341521
2024-05-30,SKU_500ML,Botella_500ml,Personal,111,1.2,20.0,27.38,411,2026-04-26 03:16:07.341521
2024-04-27,SKU_20L,Bidon_20L,Familiar,400,7.5,20.0,441.81,323,2026-04-26 03:16:07.341521
2024-04-22,SKU_1L,Botella_1L,Personal,192,2.0,20.0,175.08,598,2026-04-26 03:16:07.341521
2024-05-04,SKU_20L,Bidon_20L,Familiar,443,7.5,20.0,0.0,267,2026-04-26 03:16:07.341521
2024-06-15,SKU_20L,Bidon_20L,Familiar,482,7.5,20.0,0.0,0,2026-04-26 03:16:07.341521
2024-04-27,SKU_500ML,Botella_500ml,Personal,140,1.2,20.0,147.27,274,2026-04-26 03:16:07.341521
2024-03-01,SKU_20L,Bidon_20L,Familiar,158,7.5,20.0,173.87,361,2026-04-26 03:16:07.341521
2024-07-13,SKU_20L,Bidon_20L,Familiar,169,7.5,20.0,193.69,436,2026-04-26 03:16:07.341521
2024-04-29,SKU_20L,Bidon_20L,Familiar,176,7.5,20.0,183.61,591,2026-04-26 03:16:07.341521
2024-02-04,SKU_500ML,Botella_500ml,Personal,460,1.2,20.0,462.54,0,2026-04-26 03:16:07.341521
2024-03-21,SKU_20L,Bidon_20L,Familiar,244,7.5,20.0,285.23,461,2026-04-26 03:16:07.341521
2024-11-29,SKU_500ML,Botella_500ml,Personal,83,1.2,20.0,63.22,525,2026-04-26 03:16:07.341521
2024-10-03,SKU_500ML,Botella_500ml,Personal,152,1.2,20.0,110.18,243,2026-04-26 03:16:07.341521
2024-05-16,SKU_500ML,Botella_500ml,Personal,172,1.2,20.0,170.11,527,2026-04-26 03:16:07.341521
2024-04-06,SKU_1L,Botella_1L,Personal,180,2.0,20.0,201.78,354,2026-04-26 03:16:07.341521
2024-03-31,SKU_1L,Botella_1L,Personal,121,2.0,20.0,157.94,551,2026-04-26 03:16:07.341521
2024-01-08,SKU_500ML,Botella_500ml,Personal,223,1.2,20.0,92.88,159,2026-04-26 03:16:07.341521
2024-07-03,SKU_500ML,Botella_500ml,Personal,404,1.2,20.0,472.5,423,2026-04-26 03:16:07.341521
2024-07-23,SKU_500ML,Botella_500ml,Personal,144,1.2,20.0,117.51,527,2026-04-26 03:16:07.341521
2024-06-22,SKU_1L,Botella_1L,Personal,283,2.0,20.0,292.3,380,2026-04-26 03:16:07.341521
2024-01-29,SKU_500ML,Botella_500ml,Personal,225,1.2,20.0,237.4,0,2026-04-26 03:16:07.341521
2024-09-19,SKU_20L,Bidon_20L,Familiar,173,7.5,20.0,0.0,430,2026-04-26 03:16:07.341521
2024-05-15,SKU_1L,Botella_1L,Personal,548,2.0,20.0,646.47,247,2026-04-26 03:16:07.341521
2024-02-02,SKU_1L,Botella_1L,Personal,123,2.0,20.0,140.12,573,2026-04-26 03:16:07.341521
2024-10-20,SKU_1L,Botella_1L,Personal,167,2.0,20.0,200.86,178,2026-04-26 03:16:07.341521
2024-01-06,SKU_500ML,Botella_500ml,Personal,96,0.0,20.0,48.22,242,2026-04-26 03:16:07.341521
2024-05-12,SKU_1L,Botella_1L,Personal,70,2.0,20.0,41.77,393,2026-04-26 03:16:07.341521
2024-05-06,SKU_20L,Bidon_20L,Familiar,179,7.5,20.0,193.64,424,2026-04-26 03:16:07.341521
2024-06-26,SKU_500ML,Botella_500ml,Personal,130,1.2,20.0,84.02,561,2026-04-26 03:16:07.341521
2024-04-08,SKU_500ML,Botella_500ml,Personal,144,1.2,20.0,183.34,450,2026-04-26 03:16:07.341521
2024-11-18,SKU_20L,Bidon_20L,Familiar,119,0.0,20.0,98.39,544,2026-04-26 03:16:07.341521
2024-07-28,SKU_1L,Botella_1L,Personal,406,2.0,20.0,522.92,365,2026-04-26 03:16:07.341521
2024-11-27,SKU_20L,Bidon_20L,Familiar,158,7.5,20.0,100.82,537,2026-04-26 03:16:07.341521
2024-06-17,SKU_500ML,Botella_500ml,Personal,144,1.2,20.0,175.52,391,2026-04-26 03:16:07.341521
2024-09-25,SKU_20L,Bidon_20L,Familiar,167,7.5,20.0,168.99,366,2026-04-26 03:16:07.341521
2024-03-23,SKU_1L,Botella_1L,Personal,189,2.0,20.0,230.95,355,2026-04-26 03:16:07.341521
2024-12-09,SKU_500ML,Botella_500ml,Personal,245,1.2,20.0,182.6,590,2026-04-26 03:16:07.341521
2024-11-19,SKU_500ML,Botella_500ml,Personal,188,1.2,20.0,235.46,195,2026-04-26 03:16:07.341521
2024-01-11,SKU_500ML,Botella_500ml,Personal,206,1.2,20.0,218.62,260,2026-04-26 03:16:07.341521
2024-05-23,SKU_500ML,Botella_500ml,Personal,437,1.2,20.0,571.88,496,2026-04-26 03:16:07.341521
2024-01-28,SKU_20L,Bidon_20L,Familiar,299,7.5,20.0,248.34,169,2026-04-26 03:16:07.341521
2024-06-23,SKU_20L,Bidon_20L,Familiar,220,7.5,20.0,112.32,444,2026-04-26 03:16:07.341521
2024-09-20,SKU_20L,Bidon_20L,Familiar,94,7.5,20.0,30.27,360,2026-04-26 03:16:07.341521
2024-06-05,SKU_500ML,Botella_500ml,Personal,143,1.2,20.0,126.65,327,2026-04-26 03:16:07.341521
2024-02-12,SKU_500ML,Botella_500ml,Personal,54,1.2,20.0,23.03,444,2026-04-26 03:16:07.341521
2024-03-19,SKU_500ML,Botella_500ml,Personal,276,1.2,20.0,247.56,372,2026-04-26 03:16:07.341521
2024-03-30,SKU_1L,Botella_1L,Personal,108,2.0,20.0,51.14,296,2026-04-26 03:16:07.341521
2024-04-25,SKU_20L,Bidon_20L,Familiar,203,7.5,20.0,196.23,343,2026-04-26 03:16:07.341521
2024-11-26,SKU_500ML,Botella_500ml,Personal,165,1.2,20.0,190.97,269,2026-04-26 03:16:07.341521
2024-01-04,SKU_20L,Bidon_20L,Familiar,119,7.5,20.0,74.82,225,2026-04-26 03:16:07.341521
2024-09-13,SKU_20L,Bidon_20L,Familiar,139,7.5,20.0,78.62,390,2026-04-26 03:16:07.341521
2024-01-25,SKU_20L,Bidon_20L,Familiar,214,7.5,20.0,245.91,573,2026-04-26 03:16:07.341521
2024-08-28,SKU_20L,Bidon_20L,Familiar,177,7.5,20.0,149.02,426,2026-04-26 03:16:07.341521
2024-02-25,SKU_500ML,Botella_500ml,Personal,238,1.2,20.0,241.64,368,2026-04-26 03:16:07.341521
2024-11-11,SKU_500ML,Botella_500ml,Personal,910,1.2,20.0,995.12,0,2026-04-26 03:16:07.341521
2024-10-30,SKU_500ML,Botella_500ml,Personal,445,1.2,20.0,288.96,526,2026-04-26 03:16:07.341521
2024-12-05,SKU_500ML,Botella_500ml,Personal,130,1.2,20.0,75.48,247,2026-04-26 03:16:07.341521
2024-05-26,SKU_20L,Bidon_20L,Familiar,148,7.5,20.0,137.11,340,2026-04-26 03:16:07.341521
2024-03-05,SKU_500ML,Botella_500ml,Personal,263,1.2,20.0,158.34,279,2026-04-26 03:16:07.341521
2024-01-28,SKU_500ML,Botella_500ml,Personal,126,0.0,20.0,124.17,464,2026-04-26 03:16:07.341521
2024-07-12,SKU_20L,Bidon_20L,Familiar,227,7.5,20.0,231.44,283,2026-04-26 03:16:07.341521
2024-06-25,SKU_500ML,Botella_500ml,Personal,196,1.2,20.0,189.73,201,2026-04-26 03:16:07.341521
2024-05-29,SKU_1L,Botella_1L,Personal,124,2.0,20.0,65.32,243,2026-04-26 03:16:07.341521
2024-11-04,SKU_500ML,Botella_500ml,Personal,174,1.2,20.0,166.86,531,2026-04-26 03:16:07.341521
2024-12-19,SKU_20L,Bidon_20L,Familiar,92,7.5,20.0,0.0,182,2026-04-26 03:16:07.341521
2024-04-17,SKU_1L,Botella_1L,Personal,103,2.0,20.0,32.08,239,2026-04-26 03:16:07.341521
2024-10-15,SKU_1L,Botella_1L,Personal,190,2.0,20.0,0.0,365,2026-04-26 03:16:07.341521
2024-08-26,SKU_20L,Bidon_20L,Familiar,192,7.5,20.0,89.68,590,2026-04-26 03:16:07.341521
2024-09-09,SKU_1L,Botella_1L,Personal,148,2.0,20.0,97.53,283,2026-04-26 03:16:07.341521
2024-01-31,SKU_20L,Bidon_20L,Familiar,251,7.5,20.0,280.61,396,2026-04-26 03:16:07.341521
2024-09-13,SKU_500ML,Botella_500ml,Personal,287,1.2,20.0,157.24,326,2026-04-26 03:16:07.341521
2024-11-25,SKU_500ML,Botella_500ml,Personal,152,1.2,20.0,104.3,204,2026-04-26 03:16:07.341521
2024-03-09,SKU_1L,Botella_1L,Personal,65,2.0,20.0,48.31,532,2026-04-26 03:16:07.341521
2024-08-12,SKU_1L,Botella_1L,Personal,83,0.0,20.0,62.53,257,2026-04-26 03:16:07.341521
2024-06-29,SKU_20L,Bidon_20L,Familiar,126,0.0,20.0,120.29,392,2026-04-26 03:16:07.341521
2024-10-19,SKU_500ML,Botella_500ml,Personal,456,0.8,20.0,364.98,191,2026-04-26 03:16:07.341521
2024-09-02,SKU_20L,Bidon_20L,Familiar,455,7.5,20.0,124.04,0,2026-04-26 03:16:07.341521
2024-07-09,SKU_20L,Bidon_20L,Familiar,266,7.5,20.0,265.96,280,2026-04-26 03:16:07.341521
2024-10-10,SKU_500ML,Botella_500ml,Personal,184,1.2,20.0,240.97,202,2026-04-26 03:16:07.341521
2024-11-29,SKU_20L,Bidon_20L,Familiar,98,7.5,20.0,63.22,160,2026-04-26 03:16:07.341521
2024-11-17,SKU_1L,Botella_1L,Personal,211,2.0,20.0,180.05,502,2026-04-26 03:16:07.341521
2024-08-30,SKU_20L,Bidon_20L,Familiar,150,7.5,20.0,122.0,426,2026-04-26 03:16:07.341521
2024-11-14,SKU_500ML,Botella_500ml,Personal,328,1.2,20.0,414.44,211,2026-04-26 03:16:07.341521
2024-04-21,SKU_20L,Bidon_20L,Familiar,129,7.5,20.0,81.32,412,2026-04-26 03:16:07.341521
2024-08-14,SKU_1L,Botella_1L,Personal,435,2.0,20.0,398.88,599,2026-04-26 03:16:07.341521
2024-07-14,SKU_500ML,Botella_500ml,Personal,175,1.2,20.0,217.14,435,2026-04-26 03:16:07.341521
2024-09-07,SKU_1L,Botella_1L,Personal,222,2.0,20.0,277.84,195,2026-04-26 03:16:07.341521
2024-12-18,SKU_20L,Bidon_20L,Familiar,245,7.5,20.0,290.21,0,2026-04-26 03:16:07.341521
2024-02-11,SKU_500ML,Botella_500ml,Personal,282,1.2,20.0,257.96,539,2026-04-26 03:16:07.341521
2024-08-10,SKU_500ML,Botella_500ml,Personal,78,1.2,20.0,56.09,270,2026-04-26 03:16:07.341521
2024-10-18,SKU_500ML,Botella_500ml,Personal,90,1.2,20.0,0.0,555,2026-04-26 03:16:07.341521
2024-02-18,SKU_500ML,Botella_500ml,Personal,177,0.0,20.0,180.56,246,2026-04-26 03:16:07.341521
2024-06-02,SKU_20L,Bidon_20L,Familiar,514,7.5,20.0,592.88,0,2026-04-26 03:16:07.341521
2024-12-03,SKU_20L,Bidon_20L,Familiar,149,7.5,20.0,114.25,300,2026-04-26 03:16:07.341521
2024-10-22,SKU_1L,Botella_1L,Personal,298,2.0,20.0,239.42,428,2026-04-26 03:16:07.341521
2024-03-21,SKU_1L,Botella_1L,Personal,268,2.0,20.0,285.23,190,2026-04-26 03:16:07.341521
2024-01-24,SKU_500ML,Botella_500ml,Personal,388,1.2,20.0,0.0,590,2026-04-26 03:16:07.341521
2024-09-27,SKU_500ML,Botella_500ml,Personal,344,1.2,20.0,290.56,541,2026-04-26 03:16:07.341521
2024-07-16,SKU_500ML,Botella_500ml,Personal,127,1.2,20.0,58.18,360,2026-04-26 03:16:07.341521
2024-02-12,SKU_1L,Botella_1L,Personal,39,2.0,20.0,23.03,200,2026-04-26 03:16:07.341521
2024-02-27,SKU_20L,Bidon_20L,Familiar,252,7.5,20.0,136.62,366,2026-04-26 03:16:07.341521
2024-10-21,SKU_1L,Botella_1L,Personal,153,2.0,20.0,179.82,350,2026-04-26 03:16:07.341521
2024-05-09,SKU_500ML,Botella_500ml,Personal,155,1.2,20.0,149.84,297,2026-04-26 03:16:07.341521
2024-01-04,SKU_1L,Botella_1L,Personal,101,2.0,20.0,74.82,443,2026-04-26 03:16:07.341521
2024-10-29,SKU_20L,Bidon_20L,Familiar,97,7.5,20.0,64.99,385,2026-04-26 03:16:07.341521
2024-12-30,SKU_500ML,Botella_500ml,Personal,133,1.2,20.0,65.82,204,2026-04-26 03:16:07.341521
2024-06-22,SKU_500ML,Botella_500ml,Personal,284,0.6,20.0,292.3,293,2026-04-26 03:16:07.341521
2024-01-03,SKU_500ML,Botella_500ml,Personal,251,1.2,20.0,273.5,412,2026-04-26 03:16:07.341521
2024-02-12,SKU_20L,Bidon_20L,Familiar,64,7.5,20.0,23.03,367,2026-04-26 03:16:07.341521
2024-07-20,SKU_500ML,Botella_500ml,Personal,125,0.0,20.0,129.83,239,2026-04-26 03:16:07.341521
2024-02-09,SKU_1L,Botella_1L,Personal,388,1.33,20.0,328.83,345,2026-04-26 03:16:07.341521
2024-07-23,SKU_20L,Bidon_20L,Familiar,129,7.5,20.0,117.51,190,2026-04-26 03:16:07.341521
2024-08-25,SKU_1L,Botella_1L,Personal,490,1.67,20.0,417.36,0,2026-04-26 03:16:07.341521
2024-10-08,SKU_1L,Botella_1L,Personal,328,2.0,20.0,372.42,227,2026-04-26 03:16:07.341521
2024-01-19,SKU_500ML,Botella_500ml,Personal,216,1.2,20.0,265.69,501,2026-04-26 03:16:07.341521
2024-01-28,SKU_1L,Botella_1L,Personal,162,2.0,20.0,124.17,457,2026-04-26 03:16:07.341521
2024-10-26,SKU_500ML,Botella_500ml,Personal,81,1.2,20.0,48.5,212,2026-04-26 03:16:07.341521
2024-12-05,SKU_1L,Botella_1L,Personal,66,2.0,20.0,37.74,440,2026-04-26 03:16:07.341521
2024-07-18,SKU_500ML,Botella_500ml,Personal,165,1.2,20.0,118.16,251,2026-04-26 03:16:07.341521
2024-10-11,SKU_1L,Botella_1L,Personal,174,2.0,20.0,159.56,516,2026-04-26 03:16:07.341521
2024-05-18,SKU_1L,Botella_1L,Personal,826,1.5,20.0,991.44,0,2026-04-26 03:16:07.341521
2024-10-05,SKU_20L,Bidon_20L,Familiar,150,7.5,20.0,111.7,381,2026-04-26 03:16:07.341521
2024-10-27,SKU_20L,Bidon_20L,Familiar,323,7.5,20.0,251.2,544,2026-04-26 03:16:07.341521
2024-08-02,SKU_20L,Bidon_20L,Familiar,261,7.5,20.0,184.62,299,2026-04-26 03:16:07.341521
2024-06-13,SKU_20L,Bidon_20L,Familiar,410,7.5,20.0,524.24,591,2026-04-26 03:16:07.341521
2024-12-21,SKU_1L,Botella_1L,Personal,251,2.0,20.0,282.74,247,2026-04-26 03:16:07.341521
