id_transaccion,fecha_venta,id_cliente,id_canal
TRX-000061,2024-03-06,C0014,CH03
TRX-000177,2024-07-17,C0050,CH02
TRX-000378,2024-12-27,C0073,CH03
TRX-000878,2024-04-03,C0004,CH03
TRX-000630,2024-08-23,C0006,CH01
TRX-000922,2024-10-24,C0072,CH_99
TRX-000217,2024-04-29,C0061,CH01
TRX-000572,17/04/2024,C0033,CH01
TRX-000783,Fecha_Error,C0015,CH03
TRX-000004,2024-01-28,C0038,CH02
TRX-000847,19/03/2024,C0057,CH01
TRX-000164,2024-08-16,C0076,CH03
TRX-000373,2024-03-23,C0048,CH02
TRX-000180,2024-06-02,C0052,CH01
TRX-000965,2024-06-22,C0031,CH01
TRX-000972,Fecha_Error,C0082,CH02
TRX-000487,2024-06-30,C0082,CH01
TRX-000124,2024-11-06,C0098,CH03
TRX-000723,2024-07-25,C0015,CH02
TRX-000145,19/10/2024,C0082,CH01
TRX-000154,2024-10-30,C0046,CH01
TRX-000685,2024-06-28,C0021,CH03
TRX-000794,2024-05-16,C0069,CH_99
TRX-000193,2024-09-29,C0069,CH03
TRX-000088,22/04/2024,C0065,CH03
TRX-000365,24/02/2024,C0051,CH03
TRX-000252,2024-12-15,C0086,CH03
TRX-000128,2024-03-11,C0099,CH01
TRX-000148,2024-08-05,C0047,CH01
TRX-000399,2024-12-03,C0051,CH01
TRX-000045,2024-04-21,C0045,CH02
TRX-000319,21/06/2024,C0077,CH01
TRX-000709,22/12/2024,C0031,CH01
TRX-000781,2024-11-07,C0057,CH03
TRX-000989,04-13-24,C0040,CH03
TRX-000863,09/04/2024,C0079,CH01
TRX-000753,2024-07-02,C0087,CH03
TRX-000303,2024-04-10,C0054,CH01
TRX-000339,2024-02-06,C0087,CH03
TRX-000976,2024-06-09,C0033,CH01
TRX-000094,2024-12-09,C0014,CH01
TRX-000081,2024-01-26,C0051,CH01
TRX-000888,Fecha_Error,C0025,CH01
TRX-000885,2024-07-01,C0040,CH03
TRX-000467,2024-08-16,C0070,CH01
TRX-000980,2024-04-13,C0097,CH03
TRX-000478,2024-02-27,C0032,CH03
TRX-000375,2024-06-13,C0085,CH02
TRX-000457,2024-12-20,C0067,CH02
TRX-000770,2024-01-24,C0036,CH03
TRX-000828,25/10/2024,C0002,CH01
TRX-000019,02-07-24,C0049,CH03
TRX-000762,2024-06-23,C0025,CH02
TRX-000774,04-28-24,C0010,CH03
TRX-000705,2024-11-08,C0031,CH02
TRX-000667,01/08/2024,C0001,CH03
TRX-000590,2024-11-24,C0032,CH03
TRX-000738,Fecha_Error,C0065,CH01
TRX-000185,2024-10-06,C0083,CH02
TRX-000486,2024-10-30,C0099,CH03
TRX-000703,2024-06-10,C0068,CH02
TRX-000731,11-24-24,C0092,CH01
TRX-000746,2024-09-27,C0061,CH02
TRX-000855,2024-01-20,C0010,CH01
TRX-000950,2024-01-21,C0039,CH03
TRX-000411,2024-04-22,C0100,CH01
TRX-000179,2024-03-16,C0093,CH02
TRX-000943,2024-06-10,C0039,CH03
TRX-000677,2024-01-24,C0094,CH01
TRX-000483,2024-11-29,C0013,CH01
TRX-000360,2024-10-27,C0052,CH01
TRX-000316,2024-09-09,C0065,CH03
TRX-000990,2024-09-21,C0012,CH01
TRX-000848,2024-06-02,C0100,CH03
TRX-000803,2024-07-22,C0073,CH_99
TRX-000545,19/12/2024,C0099,CH02
TRX-000684,2024-04-21,C0002,CH01
TRX-000395,2024-09-15,C0034,CH01
TRX-000635,2024-02-02,C0082,CH_99
TRX-000005,11-18-24,C0080,CH02
TRX-000724,Fecha_Error,C0038,CH02
TRX-000924,02-23-24,C0074,CH02
TRX-000733,2024-11-09,C0097,CH03
TRX-000473,2024-09-11,C0098,CH03
TRX-000014,2024-10-17,C0037,CH02
TRX-000712,2024-03-10,C0088,CH01
TRX-000023,2024-08-14,C0085,CH02
TRX-000555,2024-10-04,C0017,CH02
TRX-000160,2024-03-31,C0052,CH03
TRX-000995,2024-07-31,C0056,CH03
TRX-000889,2024-11-10,C0084,CH01
TRX-000751,2024-07-06,C0056,CH01
TRX-000880,01-03-24,C0032,CH01
TRX-000376,2024-06-10,C0044,CH01
TRX-000266,2024-06-05,C0056,CH01
TRX-000706,2024-02-06,C0015,CH03
TRX-001000,2024-05-23,C0030,CH02
TRX-000125,01-27-24,C0007,CH02
TRX-000459,2024-07-06,C0032,CH03
TRX-000578,2024-03-03,C0031,CH03
TRX-000696,2024-05-31,C0006,CH01
TRX-000505,2024-10-26,C0067,CH01
TRX-000821,Fecha_Error,C0062,CH01
TRX-000598,2024-04-01,C0075,CH02
TRX-000089,2024-05-29,C0080,CH03
TRX-000991,2024-08-27,C0057,CH01
TRX-000481,04/02/2024,C0080,CH01
TRX-000342,03-06-24,C0038,CH03
TRX-000447,2024-11-09,C0070,CH02
TRX-000207,2024-01-10,C0096,CH03
TRX-000298,2024-03-18,C0026,CH01
TRX-000519,2024-09-11,C0048,CH02
TRX-000896,Fecha_Error,C0073,CH01
TRX-000986,2024-01-25,C0025,CH02
TRX-000449,2024-09-10,C0078,CH03
TRX-000836,2024-09-13,C0091,CH01
TRX-000982,2024-05-03,C0030,CH01
TRX-000674,07-23-24,C0025,CH02
TRX-000476,2024-08-10,C0021,CH03
TRX-000421,01-30-24,C0068,CH03
TRX-000838,2024-05-04,C0010,CH02
TRX-000490,2024-04-09,C0030,CH03
TRX-000938,2024-08-15,C0010,CH01
TRX-000235,2024-02-25,C0100,CH03
TRX-000669,2024-12-09,C0030,CH03
TRX-000277,2024-06-07,C0065,CH03
TRX-000750,2024-10-10,C0073,CH01
TRX-000159,2024-04-04,C0094,CH01
TRX-000772,2024-08-19,C0052,CH02
TRX-000931,2024-06-29,C0014,CH01
TRX-000853,26/07/2024,C0086,CH01
TRX-000170,2024-07-16,C0013,CH03
TRX-000245,Fecha_Error,C0069,CH02
TRX-000873,06/08/2024,C0005,CH01
TRX-000077,2024-09-19,C0046,CH02
TRX-000035,11-11-24,C0078,CH02
TRX-000864,2024-10-02,C0057,CH03
TRX-000254,17/09/2024,C0093,CH02
TRX-000908,2024-08-02,C0028,CH01
TRX-000219,18/05/2024,C0095,CH02
TRX-000918,2024-11-26,C0080,CH01
TRX-000668,10-27-24,C0003,CH03
TRX-000992,26/11/2024,C0060,CH01
TRX-000996,2024-02-21,C0096,CH02
TRX-000500,2024-04-10,C0070,CH01
TRX-000807,2024-02-14,C0065,CH03
TRX-000546,2024-05-03,C0029,CH01
TRX-000011,Fecha_Error,C0053,CH01
TRX-000787,03-24-24,C0042,CH03
TRX-000512,2024-07-15,C0078,CH03
TRX-000196,2024-03-21,C0088,CH03
TRX-000530,12-23-24,C0092,CH01
TRX-000550,2024-11-07,C0094,CH01
TRX-000834,2024-04-07,C0068,CH02
TRX-000184,08/11/2024,C0061,CH01
TRX-000209,2024-07-25,C0061,CH02
TRX-000588,2024-01-04,C0090,CH01
TRX-000065,2024-06-07,C0056,CH01
TRX-000368,2024-12-28,C0036,CH03
TRX-000363,2024-08-17,C0003,CH02
TRX-000763,26/05/2024,C0061,CH02
TRX-000641,2024-12-20,C0100,CH03
TRX-000010,2024-02-24,C0069,CH03
TRX-000608,2024-12-22,C0088,CH03
TRX-000361,05-26-24,C0050,CH03
TRX-000113,07-07-24,C0060,CH01
TRX-000930,2024-10-09,C0027,CH02
TRX-000766,11-28-24,C0056,CH01
TRX-000370,2024-10-06,C0050,CH03
TRX-000690,2024-09-01,C0005,CH02
TRX-000110,2024-10-17,C0046,CH01
TRX-000793,2024-08-30,C0066,CH01
TRX-000562,2024-09-29,C0076,CH03
TRX-000239,Fecha_Error,C0013,CH02
TRX-000988,2024-09-04,C0082,CH01
TRX-000096,2024-11-25,C0045,CH01
TRX-000686,Fecha_Error,C0011,CH01
TRX-000960,22/11/2024,C0025,CH02
TRX-000492,2024-12-23,C0072,CH03
TRX-000752,2024-02-09,C0048,CH01
TRX-000218,2024-10-04,C0068,CH03
TRX-000308,2024-06-27,C0066,CH01
TRX-000585,06-17-24,C0031,CH02
TRX-000740,2024-01-06,C0085,CH02
TRX-000406,08-24-24,C0061,CH01
TRX-000614,2024-01-18,C0007,CH03
TRX-000268,2024-07-03,C0009,CH03
TRX-000249,2024-01-10,C0007,CH01
TRX-000247,2024-12-18,C0032,CH03
TRX-000392,2024-08-04,C0098,CH03
TRX-000511,2024-02-24,C0011,CH03
TRX-000046,2024-10-17,C0054,CH02
TRX-000152,2024-09-19,C0007,CH02
TRX-000603,2024-03-27,C0054,CH03
TRX-000932,2024-10-02,C0019,CH02
TRX-000971,09-17-24,C0034,CH03
TRX-000349,2024-02-16,C0030,CH02
TRX-000444,2024-05-07,C0002,CH01
TRX-000407,2024-11-27,C0052,CH02
TRX-000628,2024-08-17,C0052,CH01
TRX-000509,2024-12-30,C0042,CH01
TRX-000505,2024-10-26,C0067,CH01
TRX-000482,12-28-24,C0028,CH03
TRX-000419,2024-07-01,C0082,CH02
TRX-000120,2024-03-13,C0025,CH01
TRX-000435,2024-10-03,C0018,CH01
TRX-000857,2024-08-13,C0056,CH02
TRX-000314,2024-02-03,C0003,CH02
TRX-000536,2024-11-15,C0040,CH02
TRX-000008,10-31-24,C0083,CH02
TRX-000795,Fecha_Error,C0026,CH01
TRX-000518,2024-03-09,C0088,CH02
TRX-000345,2024-04-10,C0047,CH01
TRX-000850,2024-05-15,C0069,CH01
TRX-000040,2024-11-14,C0068,CH_99
TRX-000033,12-05-24,C0017,CH03
TRX-000998,2024-12-19,C0071,CH01
TRX-000155,2024-07-18,C0030,CH03
TRX-000949,2024-06-13,C0017,CH03
TRX-000265,2024-05-06,C0081,CH03
TRX-000294,2024-05-18,C0035,CH02
TRX-000358,09/12/2024,C0077,CH01
TRX-000655,09/11/2024,C0091,CH02
TRX-000097,2024-08-12,C0001,CH03
TRX-000799,02-04-24,C0050,CH01
TRX-000777,2024-06-14,C0084,CH03
TRX-000564,2024-02-05,C0086,CH02
TRX-000183,2024-09-10,C0008,CH01
TRX-000296,11-06-24,C0090,CH03
TRX-000571,10-17-24,C0015,CH01
TRX-000225,2024-07-15,C0065,CH03
TRX-000458,2024-05-27,C0053,CH03
TRX-000475,2024-12-21,C0029,CH02
TRX-000111,2024-03-02,C0012,CH01
TRX-000201,2024-09-04,C0095,CH01
TRX-000327,02-14-24,C0081,CH02
TRX-000589,2024-10-20,C0071,CH03
TRX-000480,2024-07-20,C0094,CH01
TRX-000221,30/10/2024,C0077,CH01
TRX-000856,2024-02-27,C0038,CH03
TRX-000417,2024-09-12,C0071,CH03
TRX-000410,Fecha_Error,C0017,CH02
TRX-000814,2024-08-07,C0042,CH02
TRX-000054,2024-08-22,C0047,CH01
TRX-000844,08-19-24,C0040,CH03
TRX-000925,2024-03-13,C0032,CH02
TRX-000939,11/11/2024,C0060,CH01
TRX-000973,03/03/2024,C0086,CH03
TRX-000324,2024-09-13,C0029,CH01
TRX-000105,2024-06-18,C0029,CH02
TRX-000620,2024-08-09,C0053,CH01
TRX-000003,2024-01-04,C0031,CH_99
TRX-000022,2024-05-28,C0008,CH02
TRX-000030,2024-01-10,C0077,CH03
TRX-000618,2024-04-14,C0015,CH02
TRX-000138,2024-03-05,C0074,CH03
TRX-000309,2024-10-03,C0073,CH01
TRX-000584,2024-02-22,C0012,CH02
TRX-000695,02-26-24,C0087,CH01
TRX-000213,2024-06-17,C0078,CH02
TRX-000935,2024-12-03,C0041,CH02
TRX-000147,2024-12-26,C0078,CH02
TRX-000583,11-29-24,C0007,CH03
TRX-000937,2024-08-19,C0036,CH02
TRX-000566,2024-11-14,C0083,CH01
TRX-000940,2024-08-16,C0033,CH01
TRX-000119,2024-03-22,C0062,CH02
TRX-000955,08-12-24,C0044,CH03
TRX-000108,2024-06-21,C0042,CH01
TRX-000382,2024-09-27,C0058,CH01
TRX-000318,2024-07-31,C0066,CH02
TRX-000714,2024-11-05,C0063,CH03
TRX-000041,2024-11-09,C0024,CH02
TRX-000312,2024-06-28,C0057,CH02
TRX-000952,2024-01-29,C0031,CH03
TRX-000385,2024-03-18,C0008,CH03
TRX-000131,2024-03-30,C0048,CH02
TRX-000189,2024-10-02,C0067,CH03
TRX-000263,2024-12-25,C0056,CH02
TRX-000240,2024-09-12,C0086,CH02
TRX-000884,09-13-24,C0072,CH01
TRX-000250,04-23-24,C0055,CH03
TRX-000223,2024-01-30,C0053,CH03
TRX-000197,21/03/2024,C0036,CH03
TRX-000549,2024-11-06,C0050,CH01
TRX-000230,2024-08-25,C0039,CH02
TRX-000380,08-14-24,C0037,CH03
TRX-000916,2024-02-11,C0009,CH02
TRX-000132,2024-08-27,C0064,CH01
TRX-000242,03-02-24,C0090,CH01
TRX-000426,2024-02-03,C0069,CH01
TRX-000190,Fecha_Error,C0031,CH01
TRX-000788,2024-05-03,C0016,CH_99
TRX-000127,2024-08-17,C0051,CH01
TRX-000617,2024-11-26,C0058,CH03
TRX-000701,01-12-24,C0032,CH02
TRX-000659,2024-10-20,C0054,CH03
TRX-000436,2024-06-20,C0063,CH02
TRX-000175,2024-01-24,C0039,CH03
TRX-000063,06/04/2024,C0065,CH01
TRX-000477,2024-03-28,C0071,CH02
TRX-000804,2024-08-02,C0049,CH02
TRX-000573,2024-05-16,C0025,CH03
TRX-000713,14/02/2024,C0092,CH01
TRX-000346,2024-12-21,C0027,CH01
TRX-000470,07-19-24,C0025,CH03
TRX-000456,27/04/2024,C0033,CH01
TRX-000747,2024-07-11,C0088,CH02
TRX-000662,2024-01-06,C0018,CH02
TRX-000790,2024-05-31,C0038,CH03
TRX-000350,2024-11-12,C0039,CH02
TRX-000726,2024-03-16,C0048,CH03
TRX-000284,2024-06-07,C0019,CH01
TRX-000042,03-22-24,C0045,CH02
TRX-000093,2024-06-02,C0070,CH01
TRX-000883,2024-05-18,C0076,CH03
TRX-000163,2024-07-09,C0026,CH01
TRX-000851,2024-09-20,C0085,CH02
TRX-000860,2024-08-29,C0018,CH02
TRX-000469,03-15-24,C0020,CH01
TRX-000340,2024-03-11,C0098,CH03
TRX-000796,12-02-24,C0083,CH03
TRX-000044,Fecha_Error,C0075,CH03
TRX-000892,2024-12-02,C0034,CH01
TRX-000321,2024-06-04,C0064,CH02
TRX-000448,30/04/2024,C0042,CH02
TRX-000707,2024-09-07,C0067,CH02
TRX-000648,2024-10-21,C0077,CH01
TRX-000203,2024-03-01,C0064,CH01
TRX-000816,2024-07-29,C0024,CH03
TRX-000168,2024-04-09,C0087,CH02
TRX-000290,2024-11-17,C0016,CH03
TRX-000544,20/06/2024,C0011,CH03
TRX-000920,22/09/2024,C0009,CH01
TRX-000489,2024-07-04,C0081,CH01
TRX-000262,2024-02-14,C0003,CH01
TRX-000517,2024-04-27,C0094,CH01
TRX-000525,2024-09-14,C0009,CH02
TRX-000142,2024-03-31,C0034,CH01
TRX-000156,2024-11-23,C0005,CH03
TRX-000510,2024-06-27,C0072,CH03
TRX-000135,2024-10-08,C0002,CH03
TRX-000906,2024-11-04,C0078,CH02
TRX-000258,2024-02-07,C0013,CH02
TRX-000322,2024-09-29,C0050,CH03
TRX-000944,2024-04-20,C0009,CH01
TRX-000694,2024-09-27,C0022,CH01
TRX-000451,2024-12-10,C0088,CH03
TRX-000067,2024-04-24,C0085,CH02
TRX-000206,2024-08-15,C0068,CH03
TRX-000418,12-10-24,C0030,CH03
TRX-000006,2024-11-25,C0082,CH02
TRX-000553,2024-04-25,C0020,CH02
TRX-000095,2024-09-04,C0071,CH02
TRX-000043,10-25-24,C0029,CH02
TRX-000964,2024-04-27,C0011,CH02
TRX-000499,2024-11-11,C0094,CH01
TRX-000946,2024-01-21,C0091,CH03
TRX-000353,2024-07-28,C0087,CH03
TRX-000771,2024-04-10,C0027,CH01
TRX-000827,2024-12-21,C0056,CH01
TRX-000852,2024-10-10,C0066,CH03
TRX-000522,2024-10-10,C0033,CH03
TRX-000900,2024-04-28,C0044,CH01
TRX-000636,2024-04-17,C0075,CH_99
TRX-000886,31/10/2024,C0008,CH02
TRX-000568,2024-09-10,C0009,CH02
TRX-000830,22/08/2024,C0028,CH_99
TRX-000151,2024-08-11,C0082,CH03
TRX-000438,2024-11-30,C0085,CH03
TRX-000791,02-04-24,C0084,CH03
TRX-000223,2024-01-30,C0053,CH03
TRX-000428,2024-11-01,C0048,CH02
TRX-000048,2024-01-09,C0081,CH01
TRX-000760,2024-12-17,C0100,CH01
TRX-000416,2024-09-08,C0054,CH01
TRX-000909,2024-07-10,C0100,CH02
TRX-000744,2024-03-04,C0027,CH02
TRX-000764,2024-09-07,C0021,CH01
TRX-000295,2024-01-11,C0095,CH02
TRX-000879,2024-04-29,C0093,CH03
TRX-000078,2024-09-27,C0035,CH01
TRX-000969,2024-11-24,C0081,CH03
TRX-000833,29/10/2024,C0082,CH02
TRX-000409,2024-01-27,C0062,CH01
TRX-000970,2024-05-05,C0033,CH03
TRX-000639,18/02/2024,C0035,CH02
TRX-000118,09-02-24,C0043,CH01
TRX-000718,2024-08-05,C0095,CH03
TRX-000274,2024-08-19,C0083,CH01
TRX-000748,2024-09-29,C0019,CH01
TRX-000840,2024-11-13,C0020,CH01
TRX-000136,2024-02-08,C0079,CH02
TRX-000927,2024-10-04,C0001,CH02
TRX-000194,2024-07-18,C0036,CH03
TRX-000331,2024-10-05,C0006,CH02
TRX-000818,2024-08-27,C0001,CH02
TRX-000621,2024-05-08,C0012,CH_99
TRX-000936,2024-07-25,C0003,CH02
TRX-000529,2024-10-26,C0094,CH03
TRX-000823,2024-10-05,C0062,CH_99
TRX-000306,2024-02-01,C0095,CH02
TRX-000548,2024-08-25,C0055,CH03
TRX-000923,2024-03-27,C0064,CH02
TRX-000244,2024-09-29,C0009,CH03
TRX-000271,2024-10-27,C0072,CH01
TRX-000084,24/04/2024,C0038,CH02
TRX-000596,2024-08-21,C0014,CH03
TRX-000364,2024-01-20,C0095,CH02
TRX-000107,2024-03-19,C0005,CH03
TRX-000845,2024-01-12,C0038,CH03
TRX-000650,2024-05-03,C0065,CH01
TRX-000165,2024-04-10,C0020,CH03
TRX-000734,2024-02-22,C0056,CH03
TRX-000569,2024-11-25,C0067,CH01
TRX-000015,2024-11-10,C0037,CH02
TRX-000396,2024-09-13,C0094,CH01
TRX-000680,04-20-24,C0081,CH01
TRX-000087,2024-04-19,C0084,CH01
TRX-000782,2024-08-25,C0023,CH02
TRX-000287,2024-11-06,C0092,CH03
TRX-000607,2024-04-17,C0076,CH02
TRX-000235,2024-02-25,C0100,CH03
TRX-000355,2024-06-09,C0033,CH02
TRX-000348,2024-09-11,C0010,CH03
TRX-000053,2024-04-11,C0099,CH03
TRX-000414,2024-04-15,C0034,CH02
TRX-000086,2024-09-19,C0094,CH03
TRX-000775,2024-12-29,C0099,CH_99
TRX-000966,2024-02-25,C0095,CH03
TRX-000859,2024-04-09,C0001,CH01
TRX-000761,2024-01-23,C0048,CH03
TRX-000875,2024-04-20,C0093,CH03
TRX-000504,2024-07-04,C0025,CH03
TRX-000485,2024-02-12,C0038,CH02
TRX-000736,2024-04-01,C0025,CH01
TRX-000037,2024-04-07,C0017,CH01
TRX-000402,2024-08-29,C0014,CH02
TRX-000366,2024-07-24,C0097,CH03
TRX-000338,2024-04-13,C0074,CH02
TRX-000116,2024-10-25,C0025,CH02
TRX-000493,2024-03-29,C0035,CH01
TRX-000187,Fecha_Error,C0033,CH02
TRX-000025,2024-12-05,C0078,CH03
TRX-000605,2024-07-28,C0022,CH03
TRX-000191,2024-12-14,C0061,CH01
TRX-000004,2024-01-28,C0038,CH02
TRX-000657,23/12/2024,C0069,CH03
TRX-000442,2024-06-28,C0095,CH01
TRX-000623,2024-08-14,C0059,CH02
TRX-000420,2024-06-29,C0037,CH03
TRX-000983,2024-08-06,C0070,CH03
TRX-000465,05-12-24,C0073,CH01
TRX-000494,2024-07-20,C0045,CH01
TRX-000224,2024-01-08,C0040,CH03
TRX-000789,2024-06-14,C0033,CH03
TRX-000954,2024-11-08,C0007,CH02
TRX-000535,2024-11-13,C0100,CH03
TRX-000600,2024-03-13,C0042,CH03
TRX-000122,30/03/2024,C0067,CH03
TRX-000587,Fecha_Error,C0051,CH01
TRX-000613,28/09/2024,C0057,CH03
TRX-000199,2024-01-11,C0028,CH03
TRX-000182,2024-08-01,C0073,CH01
TRX-000526,2024-10-23,C0058,CH03
TRX-000947,2024-07-04,C0098,CH01
TRX-000582,2024-03-28,C0070,CH02
TRX-000237,2024-09-01,C0092,CH02
TRX-000463,2024-05-30,C0036,CH03
TRX-000431,2024-12-30,C0078,CH01
TRX-000737,04/03/2024,C0021,CH01
TRX-000301,2024-11-17,C0013,CH03
TRX-000624,04/09/2024,C0010,CH01
TRX-000593,2024-06-10,C0030,CH02
TRX-000257,2024-08-16,C0051,CH01
TRX-000055,2024-05-25,C0029,CH01
TRX-000103,2024-07-30,C0053,CH02
TRX-000858,2024-09-02,C0006,CH03
TRX-000868,2024-09-04,C0005,CH_99
TRX-000039,2024-02-09,C0042,CH02
TRX-000933,2024-10-04,C0045,CH02
TRX-000586,2024-04-02,C0041,CH01
TRX-000634,09-24-24,C0040,CH03
TRX-000862,2024-06-10,C0044,CH01
TRX-000137,2024-06-04,C0035,CH02
TRX-000962,2024-10-22,C0060,CH01
TRX-000531,2024-06-29,C0018,CH01
TRX-000404,2024-06-04,C0048,CH02
TRX-000627,01/11/2024,C0046,CH01
TRX-000942,2024-01-25,C0030,CH02
TRX-000134,Fecha_Error,C0026,CH03
TRX-000661,2024-10-15,C0035,CH01
TRX-000288,2024-10-30,C0006,CH03
TRX-000273,2024-12-16,C0077,CH03
TRX-000228,2024-08-25,C0074,CH02
TRX-000427,17/12/2024,C0003,CH01
TRX-000670,2024-02-09,C0068,CH02
TRX-000961,2024-06-13,C0063,CH02
TRX-000241,2024-10-06,C0046,CH03
TRX-000665,2024-09-02,C0073,CH03
TRX-000917,05/07/2024,C0062,CH01
TRX-000424,2024-04-27,C0080,CH02
TRX-000985,2024-08-24,C0058,CH01
TRX-000535,2024-11-13,C0100,CH03
TRX-000272,2024-02-08,C0053,CH01
TRX-000877,2024-02-20,C0057,CH01
TRX-000080,05-12-24,C0006,CH02
TRX-000721,2024-03-29,C0032,CH01
TRX-000806,2024-04-30,C0055,CH01
TRX-000222,2024-04-02,C0058,CH01
TRX-000839,Fecha_Error,C0015,CH03
TRX-000953,11-11-24,C0050,CH02
TRX-000218,2024-10-04,C0068,CH03
TRX-000400,2024-10-14,C0051,CH02
TRX-000344,2024-07-13,C0032,CH01
TRX-000202,2024-05-27,C0008,CH03
TRX-000326,2024-04-01,C0049,CH03
TRX-000730,23/02/2024,C0081,CH01
TRX-000945,2024-04-10,C0091,CH03
TRX-000765,2024-06-27,C0092,CH02
TRX-000711,2024-05-25,C0095,CH03
TRX-000968,2024-02-07,C0063,CH02
TRX-000440,2024-08-01,C0069,CH_99
TRX-000359,2024-06-23,C0050,CH02
TRX-000611,2024-07-25,C0071,CH02
TRX-000398,2024-09-07,C0020,CH02
TRX-000687,2024-11-19,C0004,CH03
TRX-000057,2024-07-14,C0053,CH01
TRX-000279,Fecha_Error,C0069,CH01
TRX-000401,08-16-24,C0005,CH02
TRX-000153,2024-07-03,C0078,CH01
TRX-000903,30/10/2024,C0077,CH02
TRX-000831,2024-01-10,C0098,CH02
TRX-000841,25/07/2024,C0053,CH03
TRX-000227,2024-05-07,C0012,CH02
TRX-000745,Fecha_Error,C0068,CH01
TRX-000987,2024-02-04,C0038,CH03
TRX-000060,2024-12-20,C0081,CH02
TRX-000453,19/07/2024,C0007,CH01
TRX-000090,2024-05-26,C0014,CH01
TRX-000516,2024-06-15,C0041,CH01
TRX-000146,08-31-24,C0018,CH01
TRX-000305,2024-12-12,C0017,CH02
TRX-000280,2024-04-08,C0035,CH01
TRX-000820,2024-02-09,C0038,CH02
TRX-000749,06-22-24,C0077,CH01
TRX-000208,2024-05-23,C0015,CH02
TRX-000214,2024-01-19,C0037,CH03
TRX-000984,10-15-24,C0050,CH02
TRX-000527,2024-05-20,C0054,CH_99
TRX-000507,2024-04-18,C0064,CH01
TRX-000959,2024-10-16,C0026,CH01
TRX-000825,2024-10-21,C0049,CH03
TRX-000956,2024-07-04,C0043,CH03
TRX-000819,2024-03-22,C0051,CH02
TRX-000256,09-09-24,C0080,CH03
TRX-000725,2024-10-06,C0076,CH01
TRX-000899,2024-01-08,C0006,CH03
TRX-000204,2024-06-19,C0037,CH03
TRX-000016,2024-11-24,C0019,CH03
TRX-000508,02/08/2024,C0006,CH01
TRX-000212,2024-02-19,C0007,CH02
TRX-000715,14/06/2024,C0043,CH01
TRX-000200,05-02-24,C0099,CH03
TRX-000977,07-09-24,C0095,CH01
TRX-000776,2024-07-12,C0047,CH02
TRX-000472,06-08-24,C0023,CH01
TRX-000670,2024-02-09,C0068,CH02
TRX-000415,2024-02-15,C0083,CH02
TRX-000468,04/10/2024,C0062,CH02
TRX-000387,02-27-24,C0077,CH01
TRX-000205,02-16-24,C0081,CH03
TRX-000261,2024-08-07,C0080,CH03
TRX-000332,2024-03-08,C0044,CH03
TRX-000291,2024-03-30,C0017,CH01
TRX-000371,Fecha_Error,C0089,CH01
TRX-000560,2024-12-02,C0080,CH01
TRX-000013,2024-11-24,C0043,CH02
TRX-000513,2024-05-05,C0001,CH01
TRX-000633,2024-07-30,C0073,CH01
TRX-000801,2024-09-26,C0080,CH03
TRX-000757,2024-11-12,C0094,CH02
TRX-000837,2024-04-22,C0011,CH01
TRX-000832,2024-12-05,C0002,CH02
TRX-000038,2024-10-14,C0044,CH02
TRX-000317,Fecha_Error,C0058,CH03
TRX-000773,2024-07-19,C0050,CH02
TRX-000020,2024-10-11,C0023,CH02
TRX-000341,24/03/2024,C0014,CH03
TRX-000915,2024-07-05,C0067,CH02
TRX-000811,2024-11-12,C0095,CH02
TRX-000533,07-02-24,C0018,CH_99
TRX-000942,2024-01-25,C0030,CH02
TRX-000060,2024-12-20,C0081,CH02
TRX-000539,06-15-24,C0097,CH02
TRX-000660,2024-05-13,C0066,CH03
TRX-000377,2024-11-09,C0089,CH03
TRX-000343,01-06-24,C0057,CH01
TRX-000786,2024-06-13,C0058,CH03
TRX-000817,2024-03-18,C0071,CH02
TRX-000220,2024-10-01,C0038,CH03
TRX-000802,10-23-24,C0017,CH02
TRX-000672,10/01/2024,C0054,CH03
TRX-000423,2024-06-06,C0059,CH01
TRX-000347,07-20-24,C0025,CH01
TRX-000769,08-10-24,C0054,CH03
TRX-000267,2024-05-15,C0062,CH02
TRX-000085,2024-11-05,C0003,CH02
TRX-000631,04-22-24,C0047,CH03
TRX-000907,03-29-24,C0003,CH03
TRX-000158,2024-06-22,C0005,CH03
TRX-000842,2024-05-26,C0082,CH01
TRX-000302,2024-09-12,C0031,CH01
TRX-000248,2024-02-09,C0035,CH02
TRX-000881,2024-09-29,C0097,CH02
TRX-000076,2024-07-15,C0023,CH01
TRX-000637,2024-09-29,C0058,CH01
TRX-000625,2024-09-20,C0052,CH02
TRX-000017,2024-03-17,C0022,CH03
TRX-000872,2024-05-24,C0048,CH02
TRX-000540,2024-09-20,C0093,CH01
TRX-000654,18/12/2024,C0087,CH03
TRX-000779,06/02/2024,C0038,CH02
TRX-000792,2024-06-04,C0050,CH02
TRX-000379,2024-04-21,C0077,CH01
TRX-000905,2024-02-02,C0040,CH03
TRX-000283,2024-06-25,C0064,CH01
TRX-000405,2024-07-17,C0046,CH01
TRX-000149,2024-12-12,C0070,CH02
TRX-000599,2024-11-04,C0061,CH01
TRX-000824,2024-07-28,C0049,CH03
TRX-000502,2024-05-31,C0062,CH02
TRX-000679,2024-11-27,C0012,CH03
TRX-000437,25/08/2024,C0062,CH01
TRX-000304,2024-01-04,C0051,CH03
TRX-000334,2024-06-25,C0021,CH03
TRX-000913,2024-05-01,C0044,CH01
TRX-000195,2024-08-08,C0005,CH01
TRX-000921,2024-10-25,C0016,CH03
TRX-000232,2024-12-12,C0027,CH02
TRX-000543,02-26-24,C0057,CH01
TRX-000166,Fecha_Error,C0036,CH01
TRX-000077,2024-09-19,C0046,CH02
TRX-000064,02-09-24,C0088,CH03
TRX-000192,06-01-24,C0043,CH03
TRX-000299,2024-10-18,C0064,CH02
TRX-000554,09-19-24,C0012,CH03
TRX-000351,2024-06-28,C0062,CH02
TRX-000496,12-02-24,C0048,CH01
TRX-000664,06-14-24,C0053,CH01
TRX-000174,2024-09-14,C0090,CH01
TRX-000503,2024-12-07,C0059,CH02
TRX-000139,2024-12-15,C0063,CH02
TRX-000974,2024-03-31,C0098,CH03
TRX-000406,08-24-24,C0061,CH01
TRX-000704,2024-12-12,C0033,CH01
TRX-000024,2024-02-26,C0011,CH01
TRX-000173,10/09/2024,C0075,CH03
TRX-000293,08-10-24,C0071,CH01
TRX-000815,2024-05-08,C0085,CH03
TRX-000929,2024-03-05,C0036,CH03
TRX-000999,2024-09-11,C0044,CH03
TRX-000742,2024-03-27,C0073,CH01
TRX-000843,2024-02-21,C0027,CH01
TRX-000575,2024-07-12,C0024,CH02
TRX-000604,2024-07-27,C0067,CH01
TRX-000091,2024-04-17,C0029,CH01
TRX-000129,2024-09-11,C0056,CH02
TRX-000452,2024-10-23,C0074,CH03
TRX-000606,2024-12-28,C0025,CH03
TRX-000121,2024-01-09,C0042,CH02
TRX-000651,2024-02-12,C0043,CH01
TRX-000735,2024-02-17,C0014,CH03
TRX-000460,2024-12-26,C0018,CH03
TRX-000977,07-09-24,C0095,CH01
TRX-000808,2024-05-09,C0006,CH03
TRX-000957,2024-06-17,C0049,CH02
TRX-000210,01-10-24,C0079,CH01
TRX-000323,2024-04-30,C0063,CH01
TRX-000403,2024-12-06,C0034,CH02
TRX-000497,07-04-24,C0021,CH03
TRX-000432,2024-09-02,C0058,CH03
TRX-000443,2024-02-03,C0011,CH02
TRX-000891,01-07-24,C0090,CH02
TRX-000131,2024-03-30,C0048,CH02
TRX-000034,2024-10-19,C0084,CH03
TRX-000710,2024-05-10,C0007,CH01
TRX-000051,2024-11-11,C0037,CH03
TRX-000226,2024-12-30,C0025,CH02
TRX-000887,2024-10-21,C0017,CH02
TRX-000079,2024-09-01,C0003,CH02
TRX-000521,2024-03-26,C0097,CH01
TRX-000251,2024-09-04,C0090,CH01
TRX-000501,2024-10-15,C0014,CH02
TRX-000091,2024-04-17,C0029,CH01
TRX-000233,03-13-24,C0027,CH01
TRX-000653,2024-02-21,C0039,CH03
TRX-000601,2024-05-20,C0055,CH03
TRX-000104,2024-08-26,C0012,CH03
TRX-000178,2024-05-31,C0050,CH03
TRX-000663,2024-07-14,C0054,CH01
TRX-000563,2024-06-07,C0018,CH01
TRX-000778,2024-08-08,C0092,CH03
TRX-000934,06-12-24,C0056,CH03
TRX-000652,2024-12-17,C0100,CH03
TRX-000829,2024-08-11,C0053,CH02
TRX-000246,26/10/2024,C0085,CH01
TRX-000150,2024-11-21,C0064,CH03
TRX-000070,2024-05-20,C0077,CH03
TRX-000186,2024-05-18,C0055,CH01
TRX-000446,2024-09-01,C0016,CH02
TRX-000741,15/10/2024,C0010,CH03
TRX-000425,2024-04-01,C0073,CH03
TRX-000784,2024-09-20,C0027,CH02
TRX-000216,2024-03-18,C0057,CH02
TRX-000739,01-10-24,C0093,CH01
TRX-000678,2024-10-27,C0073,CH02
TRX-000050,29/04/2024,C0084,CH02
TRX-000780,2024-09-13,C0042,CH02
TRX-000646,2024-10-28,C0041,CH03
TRX-000369,2024-02-13,C0006,CH03
TRX-000422,2024-01-15,C0098,CH02
TRX-000688,2024-02-19,C0060,CH02
TRX-000666,2024-09-02,C0023,CH01
TRX-000551,2024-11-09,C0086,CH02
TRX-000717,22/08/2024,C0098,CH02
TRX-000144,2024-06-15,C0055,CH03
TRX-000117,2024-10-01,C0015,CH02
TRX-000018,04-01-24,C0095,CH02
TRX-000979,16/05/2024,C0032,CH01
TRX-000673,2024-11-18,C0083,CH01
TRX-000412,2024-09-30,C0074,CH03
TRX-000269,2024-05-04,C0031,CH01
TRX-000963,08-25-24,C0020,CH_99
TRX-000133,03/01/2024,C0099,CH01
TRX-000282,2024-07-15,C0079,CH03
TRX-000689,2024-06-14,C0071,CH03
TRX-000732,2024-01-02,C0057,CH01
TRX-000810,2024-09-30,C0085,CH02
TRX-000645,2024-04-03,C0004,CH02
TRX-000072,02/04/2024,C0091,CH01
TRX-000524,2024-09-28,C0091,CH02
TRX-000404,2024-06-04,C0048,CH02
TRX-000647,24/06/2024,C0077,CH02
TRX-000528,2024-08-30,C0073,CH02
TRX-000367,2024-04-20,C0022,CH01
TRX-000609,2024-08-28,C0009,CH03
TRX-000926,2024-08-07,C0011,CH01
TRX-000169,2024-04-26,C0034,CH02
TRX-000700,2024-12-13,C0074,CH03
TRX-000167,2024-04-14,C0079,CH03
TRX-000413,2024-07-26,C0030,CH01
TRX-000890,Fecha_Error,C0039,CH02
TRX-000083,2024-04-30,C0100,CH01
TRX-000702,05-15-24,C0060,CH02
TRX-000027,2024-12-22,C0089,CH02
TRX-000797,2024-01-25,C0097,CH03
TRX-000552,05-18-24,C0047,CH01
TRX-000727,2024-03-19,C0085,CH01
TRX-000526,2024-10-23,C0058,CH03
TRX-000328,2024-03-11,C0069,CH01
TRX-000719,2024-01-08,C0068,CH02
TRX-000275,2024-10-29,C0008,CH03
TRX-000281,2024-10-21,C0088,CH02
TRX-000488,Fecha_Error,C0096,CH01
TRX-000894,2024-07-29,C0014,CH02
TRX-000115,2024-05-02,C0052,CH03
TRX-000329,13/02/2024,C0030,CH02
TRX-000610,2024-04-10,C0045,CH01
TRX-000264,2024-10-12,C0037,CH01
TRX-000846,2024-09-29,C0041,CH03
TRX-000381,2024-08-10,C0041,CH03
TRX-000870,2024-08-31,C0087,CH01
TRX-000491,Fecha_Error,C0029,CH03
TRX-000877,2024-02-20,C0057,CH01
TRX-000699,2024-05-28,C0082,CH03
TRX-000693,2024-06-01,C0024,CH01
TRX-000278,Fecha_Error,C0045,CH02
TRX-000556,2024-11-14,C0046,CH01
TRX-000558,2024-01-25,C0019,CH01
TRX-000616,2024-06-30,C0051,CH03
TRX-000902,2024-08-13,C0035,CH01
TRX-000951,2024-10-30,C0014,CH03
TRX-000901,2024-10-19,C0084,CH02
TRX-000354,2024-06-20,C0016,CH01
TRX-000523,16/01/2024,C0065,CH01
TRX-000450,2024-04-15,C0093,CH01
TRX-000484,06-17-24,C0068,CH02
TRX-000133,03/01/2024,C0099,CH01
TRX-000698,2024-06-27,C0029,CH03
TRX-000948,2024-04-23,C0058,CH01
TRX-000198,2024-06-08,C0100,CH03
TRX-000565,2024-08-19,C0090,CH01
TRX-000408,2024-10-28,C0033,CH03
TRX-000126,2024-05-31,C0053,CH02
TRX-000866,05/06/2024,C0010,CH03
TRX-000026,2024-11-11,C0084,CH02
TRX-000835,2024-03-06,C0081,CH01
TRX-000628,2024-08-17,C0052,CH01
TRX-000567,2024-06-10,C0052,CH02
TRX-000454,2024-06-15,C0014,CH01
TRX-000767,2024-01-27,C0078,CH01
TRX-000071,2024-07-29,C0028,CH01
TRX-000286,2024-04-07,C0044,CH01
TRX-000162,2024-10-06,C0055,CH03
TRX-000383,2024-12-11,C0020,CH03
TRX-000683,12-11-24,C0089,CH03
TRX-000768,2024-01-30,C0039,CH01
TRX-000330,07-14-24,C0008,CH02
TRX-000912,2024-05-03,C0095,CH03
TRX-000058,Fecha_Error,C0097,CH02
TRX-000854,2024-02-01,C0076,CH03
TRX-000622,2024-08-20,C0021,CH03
TRX-000352,2024-11-14,C0025,CH02
TRX-000130,2024-06-29,C0040,CH01
TRX-000047,2024-03-24,C0031,CH02
TRX-000031,2024-09-25,C0014,CH03
TRX-000576,25/07/2024,C0076,CH03
TRX-000882,2024-03-05,C0059,CH03
TRX-000809,08-30-24,C0004,CH01
TRX-000758,2024-07-09,C0097,CH01
TRX-000445,2024-05-01,C0032,CH02
TRX-000642,07-12-24,C0094,CH03
TRX-000393,2024-04-16,C0040,CH01
TRX-000471,2024-12-04,C0056,CH03
TRX-000311,2024-08-23,C0085,CH01
TRX-000675,11-30-24,C0035,CH03
TRX-000300,2024-05-04,C0056,CH03
TRX-000743,2024-04-28,C0020,CH02
TRX-000141,2024-01-19,C0074,CH02
TRX-000691,2024-09-28,C0075,CH01
TRX-000537,09/06/2024,C0050,CH02
TRX-000580,2024-11-13,C0002,CH02
TRX-000430,2024-12-13,C0079,CH03
TRX-000515,2024-07-17,C0093,CH01
TRX-000876,18/03/2024,C0090,CH01
TRX-000386,2024-08-29,C0051,CH03
TRX-000993,2024-11-14,C0055,CH03
TRX-000253,05-24-24,C0072,CH01
TRX-000898,Fecha_Error,C0098,CH03
TRX-000474,2024-02-14,C0030,CH03
TRX-000643,11-29-24,C0007,CH03
TRX-000897,2024-06-01,C0051,CH03
TRX-000204,2024-06-19,C0037,CH03
TRX-000779,06/02/2024,C0038,CH02
TRX-000542,2024-08-26,C0001,CH01
TRX-000579,2024-01-29,C0073,CH03
TRX-000638,2024-03-05,C0005,CH01
TRX-000289,01/02/2024,C0013,CH01
TRX-000911,2024-04-23,C0036,CH03
TRX-000234,01-08-24,C0045,CH01
TRX-000904,2024-12-01,C0096,CH03
TRX-000557,2024-01-14,C0026,CH03
TRX-000581,2024-08-14,C0066,CH02
TRX-000374,2024-07-09,C0054,CH02
TRX-000236,16/02/2024,C0029,CH02
TRX-000098,2024-04-19,C0008,CH02
TRX-000958,2024-07-21,C0008,CH03
TRX-000520,2024-07-27,C0020,CH03
TRX-000805,2024-07-23,C0092,CH03
TRX-000052,Fecha_Error,C0095,CH01
TRX-000092,02-16-24,C0083,CH03
TRX-000894,2024-07-29,C0014,CH02
TRX-000708,17/07/2024,C0023,CH03
TRX-000461,28/08/2024,C0092,CH01
TRX-000313,2024-10-16,C0083,CH02
TRX-000994,2024-05-01,C0069,CH02
TRX-000570,2024-01-17,C0019,CH01
TRX-000532,2024-01-14,C0089,CH03
TRX-000255,2024-01-28,C0064,CH01
TRX-000722,2024-02-15,C0042,CH02
TRX-000429,28/07/2024,C0097,CH02
TRX-000102,2024-06-05,C0073,CH02
TRX-000320,2024-07-12,C0042,CH02
TRX-000874,2024-01-03,C0008,CH03
TRX-000062,2024-12-17,C0026,CH01
TRX-000626,2024-08-28,C0081,CH01
TRX-000919,2024-05-07,C0072,CH03
TRX-000075,2024-12-03,C0095,CH03
TRX-000720,2024-10-14,C0079,CH03
TRX-000231,2024-10-02,C0057,CH01
TRX-000172,2024-03-25,C0089,CH03
TRX-000441,2024-08-19,C0004,CH01
TRX-000754,12-11-24,C0034,CH01
TRX-000082,2024-08-30,C0024,CH02
TRX-000260,2024-11-06,C0014,CH02
TRX-000861,2024-06-26,C0050,CH02
TRX-000335,2024-09-21,C0061,CH01
TRX-000157,2024-09-28,C0020,CH02
TRX-000682,2024-02-21,C0077,CH01
TRX-000632,09/06/2024,C0081,CH_99
TRX-000390,2024-01-01,C0069,CH01
TRX-000143,2024-11-05,C0005,CH01
TRX-000462,2024-07-17,C0035,CH02
TRX-000114,2024-08-19,C0002,CH01
TRX-000893,2024-11-10,C0076,CH03
TRX-000029,2024-11-17,C0034,CH01
TRX-000697,2024-02-06,C0051,CH02
TRX-000574,2024-02-23,C0027,CH02
TRX-000009,2024-07-31,C0074,CH03
TRX-000658,12-19-24,C0067,CH03
TRX-000100,2024-01-01,C0084,CH02
TRX-000433,08/04/2024,C0073,CH03
TRX-000649,2024-09-29,C0098,CH01
TRX-000362,2024-01-28,C0031,CH02
TRX-000813,2024-12-19,C0077,CH01
TRX-000069,2024-07-05,C0029,CH01
TRX-000849,2024-05-04,C0023,CH01
TRX-000171,2024-02-20,C0037,CH02
TRX-000074,01-01-24,C0044,CH02
TRX-000032,2024-05-01,C0038,CH02
TRX-000106,2024-06-10,C0031,CH03
TRX-000506,04-13-24,C0054,CH01
TRX-000337,2024-07-10,C0072,CH02
TRX-000389,28/01/2024,C0099,CH03
TRX-000867,2024-04-13,C0053,CH03
TRX-000012,2024-04-22,C0065,CH03
TRX-000759,2024-06-16,C0012,CH02
TRX-000270,11-06-24,C0100,CH02
TRX-000391,2024-06-13,C0012,CH03
TRX-000541,Fecha_Error,C0088,CH03
TRX-000140,08/07/2024,C0078,CH03
TRX-000388,04/03/2024,C0028,CH01
TRX-000656,2024-09-21,C0038,CH01
TRX-000594,2024-05-06,C0062,CH03
TRX-000229,10-12-24,C0050,CH01
TRX-000123,22/06/2024,C0009,CH02
TRX-000211,2024-08-22,C0004,CH02
TRX-000566,2024-11-14,C0083,CH01
TRX-000755,2024-01-16,C0096,CH02
TRX-000941,Fecha_Error,C0039,CH03
TRX-000495,2024-05-20,C0026,CH01
TRX-000871,2024-01-17,C0089,CH01
TRX-000099,07-18-24,C0026,CH02
TRX-000865,2024-02-11,C0086,CH03
TRX-000059,2024-02-12,C0082,CH02
TRX-000910,2024-05-24,C0050,CH01
TRX-000238,2024-07-24,C0050,CH02
TRX-000005,11-18-24,C0080,CH02
TRX-000756,12/10/2024,C0002,CH02
TRX-000514,20/07/2024,C0056,CH03
TRX-000101,2024-04-14,C0055,CH02
TRX-000561,2024-12-30,C0057,CH01
TRX-000479,2024-07-20,C0035,CH01
TRX-000073,2024-09-15,C0015,CH01
TRX-000243,2024-08-09,C0045,CH01
TRX-000671,2024-03-26,C0055,CH03
TRX-000997,2024-05-07,C0047,CH03
TRX-000336,22/12/2024,C0032,CH03
TRX-000785,2024-03-19,C0094,CH01
TRX-000597,06-03-24,C0016,CH01
TRX-000602,2024-06-25,C0048,CH01
TRX-000822,2024-05-14,C0067,CH02
TRX-000285,2024-09-23,C0097,CH03
TRX-000454,2024-06-15,C0014,CH01
TRX-000559,2024-08-18,C0074,CH01
TRX-000615,2024-08-09,C0055,CH01
TRX-000812,20/09/2024,C0067,CH01
TRX-000384,03-16-24,C0056,CH02
TRX-000612,2024-09-07,C0008,CH03
TRX-000021,2024-11-18,C0014,CH03
TRX-000066,22/09/2024,C0011,CH03
TRX-000981,2024-05-29,C0097,CH03
TRX-000914,2024-03-02,C0068,CH03
TRX-000681,2024-05-29,C0042,CH03
TRX-000464,2024-03-09,C0078,CH03
TRX-000434,2024-01-15,C0059,CH03
TRX-000466,2024-10-03,C0065,CH02
TRX-000975,06-08-24,C0014,CH03
TRX-000692,2024-12-11,C0041,CH01
TRX-000292,2024-06-18,C0033,CH02
TRX-000068,2024-08-09,C0086,CH03
TRX-000570,2024-01-17,C0019,CH01
TRX-000356,2024-03-08,C0058,CH02
TRX-000181,2024-11-26,C0081,CH01
TRX-000357,19/01/2024,C0032,CH01
TRX-000372,2024-10-15,C0066,CH01
TRX-000109,2024-11-24,C0080,CH02
TRX-000619,2024-10-18,C0033,CH02
TRX-000728,2024-11-13,C0031,CH03
TRX-000534,2024-08-03,C0092,CH01
TRX-000307,2024-09-19,C0016,CH03
TRX-000640,2024-07-15,C0007,CH03
TRX-000325,2024-04-08,C0096,CH03
TRX-000577,2024-10-16,C0096,CH03
TRX-000595,2024-08-02,C0022,CH03
TRX-000826,11-04-24,C0001,CH02
TRX-000592,27/02/2024,C0092,CH03
TRX-000729,2024-04-29,C0071,CH01
TRX-000439,2024-03-07,C0015,CH01
TRX-000036,2024-10-22,C0081,CH01
TRX-000310,2024-09-09,C0061,CH01
TRX-000798,30/10/2024,C0065,CH03
TRX-000112,2024-01-31,C0091,CH01
TRX-000547,2024-09-09,C0099,CH03
TRX-000056,24/12/2024,C0039,CH02
TRX-000188,2024-05-08,C0009,CH01
TRX-000001,07-20-24,C0060,CH03
TRX-000333,2024-03-19,C0049,CH03
TRX-000028,2024-10-22,C0004,CH02
TRX-000800,2024-02-05,C0017,CH02
TRX-000676,21/03/2024,C0028,CH03
TRX-000629,2024-11-25,C0046,CH02
TRX-000498,2024-11-16,C0054,CH02
TRX-000276,2024-09-15,C0098,CH03
TRX-000644,2024-10-30,C0094,CH03
TRX-000928,2024-08-27,C0031,CH03
TRX-000455,04-24-24,C0021,CH02
TRX-000895,2024-07-28,C0099,CH02
TRX-000837,2024-04-22,C0011,CH01
TRX-000002,2024-06-05,C0094,CH03
TRX-000591,09-04-24,C0012,CH01
TRX-000176,2024-05-28,C0098,CH02
TRX-000869,2024-06-26,C0022,CH02
TRX-000161,2024-08-20,C0099,CH02
TRX-000538,10/07/2024,C0094,CH02
TRX-000049,2024-03-11,C0047,CH01
TRX-000007,2024-07-18,C0068,CH01
TRX-000716,08-29-24,C0050,CH_99
TRX-000259,2024-10-08,C0021,CH01
TRX-000039,2024-02-09,C0042,CH02
TRX-000315,2024-03-21,C0005,CH03
TRX-000967,2024-01-23,C0034,CH01
TRX-000215,18/05/2024,C0039,CH01
TRX-000178,2024-05-31,C0050,CH03
TRX-000858,2024-09-02,C0006,CH03
TRX-000297,03-07-24,C0085,CH_99
TRX-000978,2024-02-27,C0021,CH01
TRX-000394,25/03/2024,C0080,CH03
TRX-000397,2024-06-14,C0076,CH03
